figure,panel,plotted,model_label,model,task,rule_guided_decoding,rule,rule_label,count,per_100_timesteps,per_100_score_positions,seed,test_count,n_definition,denominator,source_file,script,command,generated_at,hardware,os,python_version,torch_version
project1_rule_violations_bar,a-b,yes,No harmony,ablation_no_harmony_conditioning,soprano_to_satb,True,hidden_direct_fifth,hidden direct fifth,15,0.19768054823405376,0.19768054823405376,2026,37,37 held-out music21 Bach chorales in the deterministic test split,100 quantized SATB score positions,results\project1_rule_violations.csv,src/chorale/plot_results.py,python -m chorale.plot_results,2026-06-19T23:37:06,NVIDIA GeForce RTX 4060 Ti 16GB; Intel i5-12400F; 16GB RAM; Windows 11 Professional 64-bit,Windows-10-10.0.26200-SP0,3.11.9,2.11.0+cu128
project1_rule_violations_bar,a-b,yes,No harmony,ablation_no_harmony_conditioning,soprano_to_satb,True,hidden_direct_octave,hidden direct octave,5,0.06589351607801792,0.06589351607801792,2026,37,37 held-out music21 Bach chorales in the deterministic test split,100 quantized SATB score positions,results\project1_rule_violations.csv,src/chorale/plot_results.py,python -m chorale.plot_results,2026-06-19T23:37:06,NVIDIA GeForce RTX 4060 Ti 16GB; Intel i5-12400F; 16GB RAM; Windows 11 Professional 64-bit,Windows-10-10.0.26200-SP0,3.11.9,2.11.0+cu128
project1_rule_violations_bar,a-b,yes,No harmony,ablation_no_harmony_conditioning,soprano_to_satb,True,leading_tone_resolution,Leading-tone resolution,1158,15.26093832366895,15.26093832366895,2026,37,37 held-out music21 Bach chorales in the deterministic test split,100 quantized SATB score positions,results\project1_rule_violations.csv,src/chorale/plot_results.py,python -m chorale.plot_results,2026-06-19T23:37:06,NVIDIA GeForce RTX 4060 Ti 16GB; Intel i5-12400F; 16GB RAM; Windows 11 Professional 64-bit,Windows-10-10.0.26200-SP0,3.11.9,2.11.0+cu128
project1_rule_violations_bar,a-b,yes,No harmony,ablation_no_harmony_conditioning,soprano_to_satb,True,melodic_leap_recovery,melodic leap recovery,215,2.8334211913547707,2.8334211913547707,2026,37,37 held-out music21 Bach chorales in the deterministic test split,100 quantized SATB score positions,results\project1_rule_violations.csv,src/chorale/plot_results.py,python -m chorale.plot_results,2026-06-19T23:37:06,NVIDIA GeForce RTX 4060 Ti 16GB; Intel i5-12400F; 16GB RAM; Windows 11 Professional 64-bit,Windows-10-10.0.26200-SP0,3.11.9,2.11.0+cu128
project1_rule_violations_bar,a-b,yes,No harmony,ablation_no_harmony_conditioning,soprano_to_satb,True,parallel_fifth,Parallel fifths,274,3.6109646810753824,3.6109646810753824,2026,37,37 held-out music21 Bach chorales in the deterministic test split,100 quantized SATB score positions,results\project1_rule_violations.csv,src/chorale/plot_results.py,python -m chorale.plot_results,2026-06-19T23:37:06,NVIDIA GeForce RTX 4060 Ti 16GB; Intel i5-12400F; 16GB RAM; Windows 11 Professional 64-bit,Windows-10-10.0.26200-SP0,3.11.9,2.11.0+cu128
project1_rule_violations_bar,a-b,yes,No harmony,ablation_no_harmony_conditioning,soprano_to_satb,True,parallel_octave,Parallel octaves,213,2.8070637849235633,2.8070637849235633,2026,37,37 held-out music21 Bach chorales in the deterministic test split,100 quantized SATB score positions,results\project1_rule_violations.csv,src/chorale/plot_results.py,python -m chorale.plot_results,2026-06-19T23:37:06,NVIDIA GeForce RTX 4060 Ti 16GB; Intel i5-12400F; 16GB RAM; Windows 11 Professional 64-bit,Windows-10-10.0.26200-SP0,3.11.9,2.11.0+cu128
project1_rule_violations_bar,a-b,yes,No harmony,ablation_no_harmony_conditioning,soprano_to_satb,True,seventh_resolution,Seventh resolution,217,2.859778597785978,2.859778597785978,2026,37,37 held-out music21 Bach chorales in the deterministic test split,100 quantized SATB score positions,results\project1_rule_violations.csv,src/chorale/plot_results.py,python -m chorale.plot_results,2026-06-19T23:37:06,NVIDIA GeForce RTX 4060 Ti 16GB; Intel i5-12400F; 16GB RAM; Windows 11 Professional 64-bit,Windows-10-10.0.26200-SP0,3.11.9,2.11.0+cu128
project1_rule_violations_bar,a-b,yes,No harmony,ablation_no_harmony_conditioning,soprano_to_satb,True,voice_crossing,Voice crossing,4,0.05271481286241434,0.05271481286241434,2026,37,37 held-out music21 Bach chorales in the deterministic test split,100 quantized SATB score positions,results\project1_rule_violations.csv,src/chorale/plot_results.py,python -m chorale.plot_results,2026-06-19T23:37:06,NVIDIA GeForce RTX 4060 Ti 16GB; Intel i5-12400F; 16GB RAM; Windows 11 Professional 64-bit,Windows-10-10.0.26200-SP0,3.11.9,2.11.0+cu128
project1_rule_violations_bar,a-b,yes,No refinement,ablation_no_iterative_refinement,soprano_to_satb,True,hidden_direct_fifth,hidden direct fifth,12,0.158144438587243,0.158144438587243,2026,37,37 held-out music21 Bach chorales in the deterministic test split,100 quantized SATB score positions,results\project1_rule_violations.csv,src/chorale/plot_results.py,python -m chorale.plot_results,2026-06-19T23:37:06,NVIDIA GeForce RTX 4060 Ti 16GB; Intel i5-12400F; 16GB RAM; Windows 11 Professional 64-bit,Windows-10-10.0.26200-SP0,3.11.9,2.11.0+cu128
project1_rule_violations_bar,a-b,yes,No refinement,ablation_no_iterative_refinement,soprano_to_satb,True,hidden_direct_octave,hidden direct octave,2,0.02635740643120717,0.02635740643120717,2026,37,37 held-out music21 Bach chorales in the deterministic test split,100 quantized SATB score positions,results\project1_rule_violations.csv,src/chorale/plot_results.py,python -m chorale.plot_results,2026-06-19T23:37:06,NVIDIA GeForce RTX 4060 Ti 16GB; Intel i5-12400F; 16GB RAM; Windows 11 Professional 64-bit,Windows-10-10.0.26200-SP0,3.11.9,2.11.0+cu128
project1_rule_violations_bar,a-b,yes,No refinement,ablation_no_iterative_refinement,soprano_to_satb,True,leading_tone_resolution,Leading-tone resolution,1620,21.349499209277806,21.349499209277806,2026,37,37 held-out music21 Bach chorales in the deterministic test split,100 quantized SATB score positions,results\project1_rule_violations.csv,src/chorale/plot_results.py,python -m chorale.plot_results,2026-06-19T23:37:06,NVIDIA GeForce RTX 4060 Ti 16GB; Intel i5-12400F; 16GB RAM; Windows 11 Professional 64-bit,Windows-10-10.0.26200-SP0,3.11.9,2.11.0+cu128
project1_rule_violations_bar,a-b,yes,No refinement,ablation_no_iterative_refinement,soprano_to_satb,True,melodic_leap_recovery,melodic leap recovery,235,3.0969952556668425,3.0969952556668425,2026,37,37 held-out music21 Bach chorales in the deterministic test split,100 quantized SATB score positions,results\project1_rule_violations.csv,src/chorale/plot_results.py,python -m chorale.plot_results,2026-06-19T23:37:06,NVIDIA GeForce RTX 4060 Ti 16GB; Intel i5-12400F; 16GB RAM; Windows 11 Professional 64-bit,Windows-10-10.0.26200-SP0,3.11.9,2.11.0+cu128
project1_rule_violations_bar,a-b,yes,No refinement,ablation_no_iterative_refinement,soprano_to_satb,True,parallel_fifth,Parallel fifths,146,1.9240906694781235,1.9240906694781235,2026,37,37 held-out music21 Bach chorales in the deterministic test split,100 quantized SATB score positions,results\project1_rule_violations.csv,src/chorale/plot_results.py,python -m chorale.plot_results,2026-06-19T23:37:06,NVIDIA GeForce RTX 4060 Ti 16GB; Intel i5-12400F; 16GB RAM; Windows 11 Professional 64-bit,Windows-10-10.0.26200-SP0,3.11.9,2.11.0+cu128
project1_rule_violations_bar,a-b,yes,No refinement,ablation_no_iterative_refinement,soprano_to_satb,True,parallel_octave,Parallel octaves,330,4.348972061149183,4.348972061149183,2026,37,37 held-out music21 Bach chorales in the deterministic test split,100 quantized SATB score positions,results\project1_rule_violations.csv,src/chorale/plot_results.py,python -m chorale.plot_results,2026-06-19T23:37:06,NVIDIA GeForce RTX 4060 Ti 16GB; Intel i5-12400F; 16GB RAM; Windows 11 Professional 64-bit,Windows-10-10.0.26200-SP0,3.11.9,2.11.0+cu128
project1_rule_violations_bar,a-b,yes,No refinement,ablation_no_iterative_refinement,soprano_to_satb,True,seventh_resolution,Seventh resolution,182,2.3985239852398523,2.3985239852398523,2026,37,37 held-out music21 Bach chorales in the deterministic test split,100 quantized SATB score positions,results\project1_rule_violations.csv,src/chorale/plot_results.py,python -m chorale.plot_results,2026-06-19T23:37:06,NVIDIA GeForce RTX 4060 Ti 16GB; Intel i5-12400F; 16GB RAM; Windows 11 Professional 64-bit,Windows-10-10.0.26200-SP0,3.11.9,2.11.0+cu128
project1_rule_violations_bar,a-b,yes,No refinement,ablation_no_iterative_refinement,soprano_to_satb,True,spacing,Adjacent-voice spacing,8,0.10542962572482868,0.10542962572482868,2026,37,37 held-out music21 Bach chorales in the deterministic test split,100 quantized SATB score positions,results\project1_rule_violations.csv,src/chorale/plot_results.py,python -m chorale.plot_results,2026-06-19T23:37:06,NVIDIA GeForce RTX 4060 Ti 16GB; Intel i5-12400F; 16GB RAM; Windows 11 Professional 64-bit,Windows-10-10.0.26200-SP0,3.11.9,2.11.0+cu128
project1_rule_violations_bar,a-b,yes,No refinement,ablation_no_iterative_refinement,soprano_to_satb,True,voice_crossing,Voice crossing,14,0.18450184501845018,0.18450184501845018,2026,37,37 held-out music21 Bach chorales in the deterministic test split,100 quantized SATB score positions,results\project1_rule_violations.csv,src/chorale/plot_results.py,python -m chorale.plot_results,2026-06-19T23:37:06,NVIDIA GeForce RTX 4060 Ti 16GB; Intel i5-12400F; 16GB RAM; Windows 11 Professional 64-bit,Windows-10-10.0.26200-SP0,3.11.9,2.11.0+cu128
project1_rule_violations_bar,a-b,yes,No rules,ablation_no_rule_guided_decoding,soprano_to_satb,False,hidden_direct_fifth,hidden direct fifth,15,0.19768054823405376,0.19768054823405376,2026,37,37 held-out music21 Bach chorales in the deterministic test split,100 quantized SATB score positions,results\project1_rule_violations.csv,src/chorale/plot_results.py,python -m chorale.plot_results,2026-06-19T23:37:06,NVIDIA GeForce RTX 4060 Ti 16GB; Intel i5-12400F; 16GB RAM; Windows 11 Professional 64-bit,Windows-10-10.0.26200-SP0,3.11.9,2.11.0+cu128
project1_rule_violations_bar,a-b,yes,No rules,ablation_no_rule_guided_decoding,soprano_to_satb,False,hidden_direct_octave,hidden direct octave,3,0.03953610964681075,0.03953610964681075,2026,37,37 held-out music21 Bach chorales in the deterministic test split,100 quantized SATB score positions,results\project1_rule_violations.csv,src/chorale/plot_results.py,python -m chorale.plot_results,2026-06-19T23:37:06,NVIDIA GeForce RTX 4060 Ti 16GB; Intel i5-12400F; 16GB RAM; Windows 11 Professional 64-bit,Windows-10-10.0.26200-SP0,3.11.9,2.11.0+cu128
project1_rule_violations_bar,a-b,yes,No rules,ablation_no_rule_guided_decoding,soprano_to_satb,False,leading_tone_resolution,Leading-tone resolution,1684,22.192936215076436,22.192936215076436,2026,37,37 held-out music21 Bach chorales in the deterministic test split,100 quantized SATB score positions,results\project1_rule_violations.csv,src/chorale/plot_results.py,python -m chorale.plot_results,2026-06-19T23:37:06,NVIDIA GeForce RTX 4060 Ti 16GB; Intel i5-12400F; 16GB RAM; Windows 11 Professional 64-bit,Windows-10-10.0.26200-SP0,3.11.9,2.11.0+cu128
project1_rule_violations_bar,a-b,yes,No rules,ablation_no_rule_guided_decoding,soprano_to_satb,False,melodic_leap_recovery,melodic leap recovery,227,2.9915656299420137,2.9915656299420137,2026,37,37 held-out music21 Bach chorales in the deterministic test split,100 quantized SATB score positions,results\project1_rule_violations.csv,src/chorale/plot_results.py,python -m chorale.plot_results,2026-06-19T23:37:06,NVIDIA GeForce RTX 4060 Ti 16GB; Intel i5-12400F; 16GB RAM; Windows 11 Professional 64-bit,Windows-10-10.0.26200-SP0,3.11.9,2.11.0+cu128
project1_rule_violations_bar,a-b,yes,No rules,ablation_no_rule_guided_decoding,soprano_to_satb,False,parallel_fifth,Parallel fifths,143,1.8845545598313127,1.8845545598313127,2026,37,37 held-out music21 Bach chorales in the deterministic test split,100 quantized SATB score positions,results\project1_rule_violations.csv,src/chorale/plot_results.py,python -m chorale.plot_results,2026-06-19T23:37:06,NVIDIA GeForce RTX 4060 Ti 16GB; Intel i5-12400F; 16GB RAM; Windows 11 Professional 64-bit,Windows-10-10.0.26200-SP0,3.11.9,2.11.0+cu128
project1_rule_violations_bar,a-b,yes,No rules,ablation_no_rule_guided_decoding,soprano_to_satb,False,parallel_octave,Parallel octaves,277,3.650500790722193,3.650500790722193,2026,37,37 held-out music21 Bach chorales in the deterministic test split,100 quantized SATB score positions,results\project1_rule_violations.csv,src/chorale/plot_results.py,python -m chorale.plot_results,2026-06-19T23:37:06,NVIDIA GeForce RTX 4060 Ti 16GB; Intel i5-12400F; 16GB RAM; Windows 11 Professional 64-bit,Windows-10-10.0.26200-SP0,3.11.9,2.11.0+cu128
project1_rule_violations_bar,a-b,yes,No rules,ablation_no_rule_guided_decoding,soprano_to_satb,False,seventh_resolution,Seventh resolution,163,2.1481286241433843,2.1481286241433843,2026,37,37 held-out music21 Bach chorales in the deterministic test split,100 quantized SATB score positions,results\project1_rule_violations.csv,src/chorale/plot_results.py,python -m chorale.plot_results,2026-06-19T23:37:06,NVIDIA GeForce RTX 4060 Ti 16GB; Intel i5-12400F; 16GB RAM; Windows 11 Professional 64-bit,Windows-10-10.0.26200-SP0,3.11.9,2.11.0+cu128
project1_rule_violations_bar,a-b,yes,No rules,ablation_no_rule_guided_decoding,soprano_to_satb,False,spacing,Adjacent-voice spacing,18,0.23721665788086452,0.23721665788086452,2026,37,37 held-out music21 Bach chorales in the deterministic test split,100 quantized SATB score positions,results\project1_rule_violations.csv,src/chorale/plot_results.py,python -m chorale.plot_results,2026-06-19T23:37:06,NVIDIA GeForce RTX 4060 Ti 16GB; Intel i5-12400F; 16GB RAM; Windows 11 Professional 64-bit,Windows-10-10.0.26200-SP0,3.11.9,2.11.0+cu128
project1_rule_violations_bar,a-b,yes,No rules,ablation_no_rule_guided_decoding,soprano_to_satb,False,voice_crossing,Voice crossing,76,1.0015814443858724,1.0015814443858724,2026,37,37 held-out music21 Bach chorales in the deterministic test split,100 quantized SATB score positions,results\project1_rule_violations.csv,src/chorale/plot_results.py,python -m chorale.plot_results,2026-06-19T23:37:06,NVIDIA GeForce RTX 4060 Ti 16GB; Intel i5-12400F; 16GB RAM; Windows 11 Professional 64-bit,Windows-10-10.0.26200-SP0,3.11.9,2.11.0+cu128
project1_rule_violations_bar,a-b,yes,proposed_neural_symbolic_masked_infilling,proposed_neural_symbolic_masked_infilling,masked_infill,True,hidden_direct_fifth,hidden direct fifth,25,0.3294675803900896,0.3294675803900896,2026,37,37 held-out music21 Bach chorales in the deterministic test split,100 quantized SATB score positions,results\project1_rule_violations.csv,src/chorale/plot_results.py,python -m chorale.plot_results,2026-06-19T23:37:06,NVIDIA GeForce RTX 4060 Ti 16GB; Intel i5-12400F; 16GB RAM; Windows 11 Professional 64-bit,Windows-10-10.0.26200-SP0,3.11.9,2.11.0+cu128
project1_rule_violations_bar,a-b,yes,proposed_neural_symbolic_masked_infilling,proposed_neural_symbolic_masked_infilling,masked_infill,True,hidden_direct_octave,hidden direct octave,27,0.35582498682129676,0.35582498682129676,2026,37,37 held-out music21 Bach chorales in the deterministic test split,100 quantized SATB score positions,results\project1_rule_violations.csv,src/chorale/plot_results.py,python -m chorale.plot_results,2026-06-19T23:37:06,NVIDIA GeForce RTX 4060 Ti 16GB; Intel i5-12400F; 16GB RAM; Windows 11 Professional 64-bit,Windows-10-10.0.26200-SP0,3.11.9,2.11.0+cu128
project1_rule_violations_bar,a-b,yes,proposed_neural_symbolic_masked_infilling,proposed_neural_symbolic_masked_infilling,masked_infill,True,leading_tone_resolution,Leading-tone resolution,1498,19.74169741697417,19.74169741697417,2026,37,37 held-out music21 Bach chorales in the deterministic test split,100 quantized SATB score positions,results\project1_rule_violations.csv,src/chorale/plot_results.py,python -m chorale.plot_results,2026-06-19T23:37:06,NVIDIA GeForce RTX 4060 Ti 16GB; Intel i5-12400F; 16GB RAM; Windows 11 Professional 64-bit,Windows-10-10.0.26200-SP0,3.11.9,2.11.0+cu128
project1_rule_violations_bar,a-b,yes,proposed_neural_symbolic_masked_infilling,proposed_neural_symbolic_masked_infilling,masked_infill,True,melodic_leap_recovery,melodic leap recovery,296,3.900896151818661,3.900896151818661,2026,37,37 held-out music21 Bach chorales in the deterministic test split,100 quantized SATB score positions,results\project1_rule_violations.csv,src/chorale/plot_results.py,python -m chorale.plot_results,2026-06-19T23:37:06,NVIDIA GeForce RTX 4060 Ti 16GB; Intel i5-12400F; 16GB RAM; Windows 11 Professional 64-bit,Windows-10-10.0.26200-SP0,3.11.9,2.11.0+cu128
project1_rule_violations_bar,a-b,yes,proposed_neural_symbolic_masked_infilling,proposed_neural_symbolic_masked_infilling,masked_infill,True,parallel_fifth,Parallel fifths,82,1.080653663679494,1.080653663679494,2026,37,37 held-out music21 Bach chorales in the deterministic test split,100 quantized SATB score positions,results\project1_rule_violations.csv,src/chorale/plot_results.py,python -m chorale.plot_results,2026-06-19T23:37:06,NVIDIA GeForce RTX 4060 Ti 16GB; Intel i5-12400F; 16GB RAM; Windows 11 Professional 64-bit,Windows-10-10.0.26200-SP0,3.11.9,2.11.0+cu128
project1_rule_violations_bar,a-b,yes,proposed_neural_symbolic_masked_infilling,proposed_neural_symbolic_masked_infilling,masked_infill,True,parallel_octave,Parallel octaves,132,1.739588824459673,1.739588824459673,2026,37,37 held-out music21 Bach chorales in the deterministic test split,100 quantized SATB score positions,results\project1_rule_violations.csv,src/chorale/plot_results.py,python -m chorale.plot_results,2026-06-19T23:37:06,NVIDIA GeForce RTX 4060 Ti 16GB; Intel i5-12400F; 16GB RAM; Windows 11 Professional 64-bit,Windows-10-10.0.26200-SP0,3.11.9,2.11.0+cu128
project1_rule_violations_bar,a-b,yes,proposed_neural_symbolic_masked_infilling,proposed_neural_symbolic_masked_infilling,masked_infill,True,seventh_resolution,Seventh resolution,274,3.6109646810753824,3.6109646810753824,2026,37,37 held-out music21 Bach chorales in the deterministic test split,100 quantized SATB score positions,results\project1_rule_violations.csv,src/chorale/plot_results.py,python -m chorale.plot_results,2026-06-19T23:37:06,NVIDIA GeForce RTX 4060 Ti 16GB; Intel i5-12400F; 16GB RAM; Windows 11 Professional 64-bit,Windows-10-10.0.26200-SP0,3.11.9,2.11.0+cu128
project1_rule_violations_bar,a-b,yes,proposed_neural_symbolic_masked_infilling,proposed_neural_symbolic_masked_infilling,masked_infill,True,spacing,Adjacent-voice spacing,5,0.06589351607801792,0.06589351607801792,2026,37,37 held-out music21 Bach chorales in the deterministic test split,100 quantized SATB score positions,results\project1_rule_violations.csv,src/chorale/plot_results.py,python -m chorale.plot_results,2026-06-19T23:37:06,NVIDIA GeForce RTX 4060 Ti 16GB; Intel i5-12400F; 16GB RAM; Windows 11 Professional 64-bit,Windows-10-10.0.26200-SP0,3.11.9,2.11.0+cu128
project1_rule_violations_bar,a-b,yes,proposed_neural_symbolic_masked_infilling,proposed_neural_symbolic_masked_infilling,masked_infill,True,voice_crossing,Voice crossing,44,0.5798629414865577,0.5798629414865577,2026,37,37 held-out music21 Bach chorales in the deterministic test split,100 quantized SATB score positions,results\project1_rule_violations.csv,src/chorale/plot_results.py,python -m chorale.plot_results,2026-06-19T23:37:06,NVIDIA GeForce RTX 4060 Ti 16GB; Intel i5-12400F; 16GB RAM; Windows 11 Professional 64-bit,Windows-10-10.0.26200-SP0,3.11.9,2.11.0+cu128
project1_rule_violations_bar,a-b,yes,Proposed,proposed_neural_symbolic_rule_guided,soprano_to_satb,True,hidden_direct_fifth,hidden direct fifth,15,0.19768054823405376,0.19768054823405376,2026,37,37 held-out music21 Bach chorales in the deterministic test split,100 quantized SATB score positions,results\project1_rule_violations.csv,src/chorale/plot_results.py,python -m chorale.plot_results,2026-06-19T23:37:06,NVIDIA GeForce RTX 4060 Ti 16GB; Intel i5-12400F; 16GB RAM; Windows 11 Professional 64-bit,Windows-10-10.0.26200-SP0,3.11.9,2.11.0+cu128
project1_rule_violations_bar,a-b,yes,Proposed,proposed_neural_symbolic_rule_guided,soprano_to_satb,True,hidden_direct_octave,hidden direct octave,3,0.03953610964681075,0.03953610964681075,2026,37,37 held-out music21 Bach chorales in the deterministic test split,100 quantized SATB score positions,results\project1_rule_violations.csv,src/chorale/plot_results.py,python -m chorale.plot_results,2026-06-19T23:37:06,NVIDIA GeForce RTX 4060 Ti 16GB; Intel i5-12400F; 16GB RAM; Windows 11 Professional 64-bit,Windows-10-10.0.26200-SP0,3.11.9,2.11.0+cu128
project1_rule_violations_bar,a-b,yes,Proposed,proposed_neural_symbolic_rule_guided,soprano_to_satb,True,leading_tone_resolution,Leading-tone resolution,1671,22.02161307327359,22.02161307327359,2026,37,37 held-out music21 Bach chorales in the deterministic test split,100 quantized SATB score positions,results\project1_rule_violations.csv,src/chorale/plot_results.py,python -m chorale.plot_results,2026-06-19T23:37:06,NVIDIA GeForce RTX 4060 Ti 16GB; Intel i5-12400F; 16GB RAM; Windows 11 Professional 64-bit,Windows-10-10.0.26200-SP0,3.11.9,2.11.0+cu128
project1_rule_violations_bar,a-b,yes,Proposed,proposed_neural_symbolic_rule_guided,soprano_to_satb,True,melodic_leap_recovery,melodic leap recovery,217,2.859778597785978,2.859778597785978,2026,37,37 held-out music21 Bach chorales in the deterministic test split,100 quantized SATB score positions,results\project1_rule_violations.csv,src/chorale/plot_results.py,python -m chorale.plot_results,2026-06-19T23:37:06,NVIDIA GeForce RTX 4060 Ti 16GB; Intel i5-12400F; 16GB RAM; Windows 11 Professional 64-bit,Windows-10-10.0.26200-SP0,3.11.9,2.11.0+cu128
project1_rule_violations_bar,a-b,yes,Proposed,proposed_neural_symbolic_rule_guided,soprano_to_satb,True,parallel_fifth,Parallel fifths,149,1.963626779124934,1.963626779124934,2026,37,37 held-out music21 Bach chorales in the deterministic test split,100 quantized SATB score positions,results\project1_rule_violations.csv,src/chorale/plot_results.py,python -m chorale.plot_results,2026-06-19T23:37:06,NVIDIA GeForce RTX 4060 Ti 16GB; Intel i5-12400F; 16GB RAM; Windows 11 Professional 64-bit,Windows-10-10.0.26200-SP0,3.11.9,2.11.0+cu128
project1_rule_violations_bar,a-b,yes,Proposed,proposed_neural_symbolic_rule_guided,soprano_to_satb,True,parallel_octave,Parallel octaves,279,3.6768581971534,3.6768581971534,2026,37,37 held-out music21 Bach chorales in the deterministic test split,100 quantized SATB score positions,results\project1_rule_violations.csv,src/chorale/plot_results.py,python -m chorale.plot_results,2026-06-19T23:37:06,NVIDIA GeForce RTX 4060 Ti 16GB; Intel i5-12400F; 16GB RAM; Windows 11 Professional 64-bit,Windows-10-10.0.26200-SP0,3.11.9,2.11.0+cu128
project1_rule_violations_bar,a-b,yes,Proposed,proposed_neural_symbolic_rule_guided,soprano_to_satb,True,seventh_resolution,Seventh resolution,164,2.161307327358988,2.161307327358988,2026,37,37 held-out music21 Bach chorales in the deterministic test split,100 quantized SATB score positions,results\project1_rule_violations.csv,src/chorale/plot_results.py,python -m chorale.plot_results,2026-06-19T23:37:06,NVIDIA GeForce RTX 4060 Ti 16GB; Intel i5-12400F; 16GB RAM; Windows 11 Professional 64-bit,Windows-10-10.0.26200-SP0,3.11.9,2.11.0+cu128
project1_rule_violations_bar,a-b,yes,Proposed,proposed_neural_symbolic_rule_guided,soprano_to_satb,True,spacing,Adjacent-voice spacing,6,0.0790722192936215,0.0790722192936215,2026,37,37 held-out music21 Bach chorales in the deterministic test split,100 quantized SATB score positions,results\project1_rule_violations.csv,src/chorale/plot_results.py,python -m chorale.plot_results,2026-06-19T23:37:06,NVIDIA GeForce RTX 4060 Ti 16GB; Intel i5-12400F; 16GB RAM; Windows 11 Professional 64-bit,Windows-10-10.0.26200-SP0,3.11.9,2.11.0+cu128
project1_rule_violations_bar,a-b,yes,Proposed,proposed_neural_symbolic_rule_guided,soprano_to_satb,True,voice_crossing,Voice crossing,32,0.42171850289931473,0.42171850289931473,2026,37,37 held-out music21 Bach chorales in the deterministic test split,100 quantized SATB score positions,results\project1_rule_violations.csv,src/chorale/plot_results.py,python -m chorale.plot_results,2026-06-19T23:37:06,NVIDIA GeForce RTX 4060 Ti 16GB; Intel i5-12400F; 16GB RAM; Windows 11 Professional 64-bit,Windows-10-10.0.26200-SP0,3.11.9,2.11.0+cu128
project1_rule_violations_bar,a-b,yes,proposed_neural_symbolic_soprano_to_satb,proposed_neural_symbolic_soprano_to_satb,soprano_to_satb,True,hidden_direct_fifth,hidden direct fifth,15,0.19768054823405376,0.19768054823405376,2026,37,37 held-out music21 Bach chorales in the deterministic test split,100 quantized SATB score positions,results\project1_rule_violations.csv,src/chorale/plot_results.py,python -m chorale.plot_results,2026-06-19T23:37:06,NVIDIA GeForce RTX 4060 Ti 16GB; Intel i5-12400F; 16GB RAM; Windows 11 Professional 64-bit,Windows-10-10.0.26200-SP0,3.11.9,2.11.0+cu128
project1_rule_violations_bar,a-b,yes,proposed_neural_symbolic_soprano_to_satb,proposed_neural_symbolic_soprano_to_satb,soprano_to_satb,True,hidden_direct_octave,hidden direct octave,3,0.03953610964681075,0.03953610964681075,2026,37,37 held-out music21 Bach chorales in the deterministic test split,100 quantized SATB score positions,results\project1_rule_violations.csv,src/chorale/plot_results.py,python -m chorale.plot_results,2026-06-19T23:37:06,NVIDIA GeForce RTX 4060 Ti 16GB; Intel i5-12400F; 16GB RAM; Windows 11 Professional 64-bit,Windows-10-10.0.26200-SP0,3.11.9,2.11.0+cu128
project1_rule_violations_bar,a-b,yes,proposed_neural_symbolic_soprano_to_satb,proposed_neural_symbolic_soprano_to_satb,soprano_to_satb,True,leading_tone_resolution,Leading-tone resolution,1672,22.034791776489193,22.034791776489193,2026,37,37 held-out music21 Bach chorales in the deterministic test split,100 quantized SATB score positions,results\project1_rule_violations.csv,src/chorale/plot_results.py,python -m chorale.plot_results,2026-06-19T23:37:06,NVIDIA GeForce RTX 4060 Ti 16GB; Intel i5-12400F; 16GB RAM; Windows 11 Professional 64-bit,Windows-10-10.0.26200-SP0,3.11.9,2.11.0+cu128
project1_rule_violations_bar,a-b,yes,proposed_neural_symbolic_soprano_to_satb,proposed_neural_symbolic_soprano_to_satb,soprano_to_satb,True,melodic_leap_recovery,melodic leap recovery,218,2.8729573010015814,2.8729573010015814,2026,37,37 held-out music21 Bach chorales in the deterministic test split,100 quantized SATB score positions,results\project1_rule_violations.csv,src/chorale/plot_results.py,python -m chorale.plot_results,2026-06-19T23:37:06,NVIDIA GeForce RTX 4060 Ti 16GB; Intel i5-12400F; 16GB RAM; Windows 11 Professional 64-bit,Windows-10-10.0.26200-SP0,3.11.9,2.11.0+cu128
project1_rule_violations_bar,a-b,yes,proposed_neural_symbolic_soprano_to_satb,proposed_neural_symbolic_soprano_to_satb,soprano_to_satb,True,parallel_fifth,Parallel fifths,151,1.9899841855561413,1.9899841855561413,2026,37,37 held-out music21 Bach chorales in the deterministic test split,100 quantized SATB score positions,results\project1_rule_violations.csv,src/chorale/plot_results.py,python -m chorale.plot_results,2026-06-19T23:37:06,NVIDIA GeForce RTX 4060 Ti 16GB; Intel i5-12400F; 16GB RAM; Windows 11 Professional 64-bit,Windows-10-10.0.26200-SP0,3.11.9,2.11.0+cu128
project1_rule_violations_bar,a-b,yes,proposed_neural_symbolic_soprano_to_satb,proposed_neural_symbolic_soprano_to_satb,soprano_to_satb,True,parallel_octave,Parallel octaves,279,3.6768581971534,3.6768581971534,2026,37,37 held-out music21 Bach chorales in the deterministic test split,100 quantized SATB score positions,results\project1_rule_violations.csv,src/chorale/plot_results.py,python -m chorale.plot_results,2026-06-19T23:37:06,NVIDIA GeForce RTX 4060 Ti 16GB; Intel i5-12400F; 16GB RAM; Windows 11 Professional 64-bit,Windows-10-10.0.26200-SP0,3.11.9,2.11.0+cu128
project1_rule_violations_bar,a-b,yes,proposed_neural_symbolic_soprano_to_satb,proposed_neural_symbolic_soprano_to_satb,soprano_to_satb,True,seventh_resolution,Seventh resolution,164,2.161307327358988,2.161307327358988,2026,37,37 held-out music21 Bach chorales in the deterministic test split,100 quantized SATB score positions,results\project1_rule_violations.csv,src/chorale/plot_results.py,python -m chorale.plot_results,2026-06-19T23:37:06,NVIDIA GeForce RTX 4060 Ti 16GB; Intel i5-12400F; 16GB RAM; Windows 11 Professional 64-bit,Windows-10-10.0.26200-SP0,3.11.9,2.11.0+cu128
project1_rule_violations_bar,a-b,yes,proposed_neural_symbolic_soprano_to_satb,proposed_neural_symbolic_soprano_to_satb,soprano_to_satb,True,spacing,Adjacent-voice spacing,6,0.0790722192936215,0.0790722192936215,2026,37,37 held-out music21 Bach chorales in the deterministic test split,100 quantized SATB score positions,results\project1_rule_violations.csv,src/chorale/plot_results.py,python -m chorale.plot_results,2026-06-19T23:37:06,NVIDIA GeForce RTX 4060 Ti 16GB; Intel i5-12400F; 16GB RAM; Windows 11 Professional 64-bit,Windows-10-10.0.26200-SP0,3.11.9,2.11.0+cu128
project1_rule_violations_bar,a-b,yes,proposed_neural_symbolic_soprano_to_satb,proposed_neural_symbolic_soprano_to_satb,soprano_to_satb,True,voice_crossing,Voice crossing,32,0.42171850289931473,0.42171850289931473,2026,37,37 held-out music21 Bach chorales in the deterministic test split,100 quantized SATB score positions,results\project1_rule_violations.csv,src/chorale/plot_results.py,python -m chorale.plot_results,2026-06-19T23:37:06,NVIDIA GeForce RTX 4060 Ti 16GB; Intel i5-12400F; 16GB RAM; Windows 11 Professional 64-bit,Windows-10-10.0.26200-SP0,3.11.9,2.11.0+cu128
project1_rule_violations_bar,a-b,yes,LSTM,lstm_baseline,soprano_to_satb,False,hidden_direct_fifth,hidden direct fifth,11,0.14496573537163943,0.14496573537163943,2026,37,37 held-out music21 Bach chorales in the deterministic test split,100 quantized SATB score positions,results\project1_rule_violations.csv,src/chorale/plot_results.py,python -m chorale.plot_results,2026-06-19T23:37:06,NVIDIA GeForce RTX 4060 Ti 16GB; Intel i5-12400F; 16GB RAM; Windows 11 Professional 64-bit,Windows-10-10.0.26200-SP0,3.11.9,2.11.0+cu128
project1_rule_violations_bar,a-b,yes,LSTM,lstm_baseline,soprano_to_satb,False,hidden_direct_octave,hidden direct octave,4,0.05271481286241434,0.05271481286241434,2026,37,37 held-out music21 Bach chorales in the deterministic test split,100 quantized SATB score positions,results\project1_rule_violations.csv,src/chorale/plot_results.py,python -m chorale.plot_results,2026-06-19T23:37:06,NVIDIA GeForce RTX 4060 Ti 16GB; Intel i5-12400F; 16GB RAM; Windows 11 Professional 64-bit,Windows-10-10.0.26200-SP0,3.11.9,2.11.0+cu128
project1_rule_violations_bar,a-b,yes,LSTM,lstm_baseline,soprano_to_satb,False,leading_tone_resolution,Leading-tone resolution,812,10.70110701107011,10.70110701107011,2026,37,37 held-out music21 Bach chorales in the deterministic test split,100 quantized SATB score positions,results\project1_rule_violations.csv,src/chorale/plot_results.py,python -m chorale.plot_results,2026-06-19T23:37:06,NVIDIA GeForce RTX 4060 Ti 16GB; Intel i5-12400F; 16GB RAM; Windows 11 Professional 64-bit,Windows-10-10.0.26200-SP0,3.11.9,2.11.0+cu128
project1_rule_violations_bar,a-b,yes,LSTM,lstm_baseline,soprano_to_satb,False,melodic_leap_recovery,melodic leap recovery,152,2.0031628887717448,2.0031628887717448,2026,37,37 held-out music21 Bach chorales in the deterministic test split,100 quantized SATB score positions,results\project1_rule_violations.csv,src/chorale/plot_results.py,python -m chorale.plot_results,2026-06-19T23:37:06,NVIDIA GeForce RTX 4060 Ti 16GB; Intel i5-12400F; 16GB RAM; Windows 11 Professional 64-bit,Windows-10-10.0.26200-SP0,3.11.9,2.11.0+cu128
project1_rule_violations_bar,a-b,yes,LSTM,lstm_baseline,soprano_to_satb,False,parallel_fifth,Parallel fifths,273,3.5977859778597785,3.5977859778597785,2026,37,37 held-out music21 Bach chorales in the deterministic test split,100 quantized SATB score positions,results\project1_rule_violations.csv,src/chorale/plot_results.py,python -m chorale.plot_results,2026-06-19T23:37:06,NVIDIA GeForce RTX 4060 Ti 16GB; Intel i5-12400F; 16GB RAM; Windows 11 Professional 64-bit,Windows-10-10.0.26200-SP0,3.11.9,2.11.0+cu128
project1_rule_violations_bar,a-b,yes,LSTM,lstm_baseline,soprano_to_satb,False,parallel_octave,Parallel octaves,209,2.754348972061149,2.754348972061149,2026,37,37 held-out music21 Bach chorales in the deterministic test split,100 quantized SATB score positions,results\project1_rule_violations.csv,src/chorale/plot_results.py,python -m chorale.plot_results,2026-06-19T23:37:06,NVIDIA GeForce RTX 4060 Ti 16GB; Intel i5-12400F; 16GB RAM; Windows 11 Professional 64-bit,Windows-10-10.0.26200-SP0,3.11.9,2.11.0+cu128
project1_rule_violations_bar,a-b,yes,LSTM,lstm_baseline,soprano_to_satb,False,seventh_resolution,Seventh resolution,216,2.846599894570374,2.846599894570374,2026,37,37 held-out music21 Bach chorales in the deterministic test split,100 quantized SATB score positions,results\project1_rule_violations.csv,src/chorale/plot_results.py,python -m chorale.plot_results,2026-06-19T23:37:06,NVIDIA GeForce RTX 4060 Ti 16GB; Intel i5-12400F; 16GB RAM; Windows 11 Professional 64-bit,Windows-10-10.0.26200-SP0,3.11.9,2.11.0+cu128
project1_rule_violations_bar,a-b,yes,LSTM,lstm_baseline,soprano_to_satb,False,voice_crossing,Voice crossing,4,0.05271481286241434,0.05271481286241434,2026,37,37 held-out music21 Bach chorales in the deterministic test split,100 quantized SATB score positions,results\project1_rule_violations.csv,src/chorale/plot_results.py,python -m chorale.plot_results,2026-06-19T23:37:06,NVIDIA GeForce RTX 4060 Ti 16GB; Intel i5-12400F; 16GB RAM; Windows 11 Professional 64-bit,Windows-10-10.0.26200-SP0,3.11.9,2.11.0+cu128
project1_rule_violations_bar,a-b,yes,Vanilla,transformer_no_constraints,soprano_to_satb,False,hidden_direct_fifth,hidden direct fifth,11,0.14496573537163943,0.14496573537163943,2026,37,37 held-out music21 Bach chorales in the deterministic test split,100 quantized SATB score positions,results\project1_rule_violations.csv,src/chorale/plot_results.py,python -m chorale.plot_results,2026-06-19T23:37:06,NVIDIA GeForce RTX 4060 Ti 16GB; Intel i5-12400F; 16GB RAM; Windows 11 Professional 64-bit,Windows-10-10.0.26200-SP0,3.11.9,2.11.0+cu128
project1_rule_violations_bar,a-b,yes,Vanilla,transformer_no_constraints,soprano_to_satb,False,hidden_direct_octave,hidden direct octave,11,0.14496573537163943,0.14496573537163943,2026,37,37 held-out music21 Bach chorales in the deterministic test split,100 quantized SATB score positions,results\project1_rule_violations.csv,src/chorale/plot_results.py,python -m chorale.plot_results,2026-06-19T23:37:06,NVIDIA GeForce RTX 4060 Ti 16GB; Intel i5-12400F; 16GB RAM; Windows 11 Professional 64-bit,Windows-10-10.0.26200-SP0,3.11.9,2.11.0+cu128
project1_rule_violations_bar,a-b,yes,Vanilla,transformer_no_constraints,soprano_to_satb,False,leading_tone_resolution,Leading-tone resolution,1053,13.877174486030574,13.877174486030574,2026,37,37 held-out music21 Bach chorales in the deterministic test split,100 quantized SATB score positions,results\project1_rule_violations.csv,src/chorale/plot_results.py,python -m chorale.plot_results,2026-06-19T23:37:06,NVIDIA GeForce RTX 4060 Ti 16GB; Intel i5-12400F; 16GB RAM; Windows 11 Professional 64-bit,Windows-10-10.0.26200-SP0,3.11.9,2.11.0+cu128
project1_rule_violations_bar,a-b,yes,Vanilla,transformer_no_constraints,soprano_to_satb,False,melodic_leap_recovery,melodic leap recovery,198,2.6093832366895096,2.6093832366895096,2026,37,37 held-out music21 Bach chorales in the deterministic test split,100 quantized SATB score positions,results\project1_rule_violations.csv,src/chorale/plot_results.py,python -m chorale.plot_results,2026-06-19T23:37:06,NVIDIA GeForce RTX 4060 Ti 16GB; Intel i5-12400F; 16GB RAM; Windows 11 Professional 64-bit,Windows-10-10.0.26200-SP0,3.11.9,2.11.0+cu128
project1_rule_violations_bar,a-b,yes,Vanilla,transformer_no_constraints,soprano_to_satb,False,parallel_fifth,Parallel fifths,214,2.8202424881391672,2.8202424881391672,2026,37,37 held-out music21 Bach chorales in the deterministic test split,100 quantized SATB score positions,results\project1_rule_violations.csv,src/chorale/plot_results.py,python -m chorale.plot_results,2026-06-19T23:37:06,NVIDIA GeForce RTX 4060 Ti 16GB; Intel i5-12400F; 16GB RAM; Windows 11 Professional 64-bit,Windows-10-10.0.26200-SP0,3.11.9,2.11.0+cu128
project1_rule_violations_bar,a-b,yes,Vanilla,transformer_no_constraints,soprano_to_satb,False,parallel_octave,Parallel octaves,185,2.438060094886663,2.438060094886663,2026,37,37 held-out music21 Bach chorales in the deterministic test split,100 quantized SATB score positions,results\project1_rule_violations.csv,src/chorale/plot_results.py,python -m chorale.plot_results,2026-06-19T23:37:06,NVIDIA GeForce RTX 4060 Ti 16GB; Intel i5-12400F; 16GB RAM; Windows 11 Professional 64-bit,Windows-10-10.0.26200-SP0,3.11.9,2.11.0+cu128
project1_rule_violations_bar,a-b,yes,Vanilla,transformer_no_constraints,soprano_to_satb,False,seventh_resolution,Seventh resolution,264,3.479177648919346,3.479177648919346,2026,37,37 held-out music21 Bach chorales in the deterministic test split,100 quantized SATB score positions,results\project1_rule_violations.csv,src/chorale/plot_results.py,python -m chorale.plot_results,2026-06-19T23:37:06,NVIDIA GeForce RTX 4060 Ti 16GB; Intel i5-12400F; 16GB RAM; Windows 11 Professional 64-bit,Windows-10-10.0.26200-SP0,3.11.9,2.11.0+cu128
project1_rule_violations_bar,a-b,yes,Vanilla,transformer_no_constraints,soprano_to_satb,False,spacing,Adjacent-voice spacing,30,0.3953610964681075,0.3953610964681075,2026,37,37 held-out music21 Bach chorales in the deterministic test split,100 quantized SATB score positions,results\project1_rule_violations.csv,src/chorale/plot_results.py,python -m chorale.plot_results,2026-06-19T23:37:06,NVIDIA GeForce RTX 4060 Ti 16GB; Intel i5-12400F; 16GB RAM; Windows 11 Professional 64-bit,Windows-10-10.0.26200-SP0,3.11.9,2.11.0+cu128
project1_rule_violations_bar,a-b,yes,Vanilla,transformer_no_constraints,soprano_to_satb,False,voice_crossing,Voice crossing,116,1.5287295730100159,1.5287295730100159,2026,37,37 held-out music21 Bach chorales in the deterministic test split,100 quantized SATB score positions,results\project1_rule_violations.csv,src/chorale/plot_results.py,python -m chorale.plot_results,2026-06-19T23:37:06,NVIDIA GeForce RTX 4060 Ti 16GB; Intel i5-12400F; 16GB RAM; Windows 11 Professional 64-bit,Windows-10-10.0.26200-SP0,3.11.9,2.11.0+cu128
project1_rule_violations_bar,a-b,yes,proposed_neural_symbolic_rule_guided_enhanced,proposed_neural_symbolic_rule_guided_enhanced,soprano_to_satb,True,hidden_direct_fifth,hidden direct fifth,13,0.1713231418028466,0.1713231418028466,2026,37,37 held-out music21 Bach chorales in the deterministic test split,100 quantized SATB score positions,results\project1_rule_violations.csv,src/chorale/plot_results.py,python -m chorale.plot_results,2026-06-19T23:37:06,NVIDIA GeForce RTX 4060 Ti 16GB; Intel i5-12400F; 16GB RAM; Windows 11 Professional 64-bit,Windows-10-10.0.26200-SP0,3.11.9,2.11.0+cu128
project1_rule_violations_bar,a-b,yes,proposed_neural_symbolic_rule_guided_enhanced,proposed_neural_symbolic_rule_guided_enhanced,soprano_to_satb,True,hidden_direct_octave,hidden direct octave,3,0.03953610964681075,0.03953610964681075,2026,37,37 held-out music21 Bach chorales in the deterministic test split,100 quantized SATB score positions,results\project1_rule_violations.csv,src/chorale/plot_results.py,python -m chorale.plot_results,2026-06-19T23:37:06,NVIDIA GeForce RTX 4060 Ti 16GB; Intel i5-12400F; 16GB RAM; Windows 11 Professional 64-bit,Windows-10-10.0.26200-SP0,3.11.9,2.11.0+cu128
project1_rule_violations_bar,a-b,yes,proposed_neural_symbolic_rule_guided_enhanced,proposed_neural_symbolic_rule_guided_enhanced,soprano_to_satb,True,leading_tone_resolution,Leading-tone resolution,1767,23.286768581971533,23.286768581971533,2026,37,37 held-out music21 Bach chorales in the deterministic test split,100 quantized SATB score positions,results\project1_rule_violations.csv,src/chorale/plot_results.py,python -m chorale.plot_results,2026-06-19T23:37:06,NVIDIA GeForce RTX 4060 Ti 16GB; Intel i5-12400F; 16GB RAM; Windows 11 Professional 64-bit,Windows-10-10.0.26200-SP0,3.11.9,2.11.0+cu128
project1_rule_violations_bar,a-b,yes,proposed_neural_symbolic_rule_guided_enhanced,proposed_neural_symbolic_rule_guided_enhanced,soprano_to_satb,True,melodic_leap_recovery,melodic leap recovery,926,12.20347917764892,12.20347917764892,2026,37,37 held-out music21 Bach chorales in the deterministic test split,100 quantized SATB score positions,results\project1_rule_violations.csv,src/chorale/plot_results.py,python -m chorale.plot_results,2026-06-19T23:37:06,NVIDIA GeForce RTX 4060 Ti 16GB; Intel i5-12400F; 16GB RAM; Windows 11 Professional 64-bit,Windows-10-10.0.26200-SP0,3.11.9,2.11.0+cu128
project1_rule_violations_bar,a-b,yes,proposed_neural_symbolic_rule_guided_enhanced,proposed_neural_symbolic_rule_guided_enhanced,soprano_to_satb,True,parallel_fifth,Parallel fifths,196,2.5830258302583027,2.5830258302583027,2026,37,37 held-out music21 Bach chorales in the deterministic test split,100 quantized SATB score positions,results\project1_rule_violations.csv,src/chorale/plot_results.py,python -m chorale.plot_results,2026-06-19T23:37:06,NVIDIA GeForce RTX 4060 Ti 16GB; Intel i5-12400F; 16GB RAM; Windows 11 Professional 64-bit,Windows-10-10.0.26200-SP0,3.11.9,2.11.0+cu128
project1_rule_violations_bar,a-b,yes,proposed_neural_symbolic_rule_guided_enhanced,proposed_neural_symbolic_rule_guided_enhanced,soprano_to_satb,True,parallel_octave,Parallel octaves,648,8.539799683711124,8.539799683711124,2026,37,37 held-out music21 Bach chorales in the deterministic test split,100 quantized SATB score positions,results\project1_rule_violations.csv,src/chorale/plot_results.py,python -m chorale.plot_results,2026-06-19T23:37:06,NVIDIA GeForce RTX 4060 Ti 16GB; Intel i5-12400F; 16GB RAM; Windows 11 Professional 64-bit,Windows-10-10.0.26200-SP0,3.11.9,2.11.0+cu128
project1_rule_violations_bar,a-b,yes,proposed_neural_symbolic_rule_guided_enhanced,proposed_neural_symbolic_rule_guided_enhanced,soprano_to_satb,True,seventh_resolution,Seventh resolution,1002,13.205060622034791,13.205060622034791,2026,37,37 held-out music21 Bach chorales in the deterministic test split,100 quantized SATB score positions,results\project1_rule_violations.csv,src/chorale/plot_results.py,python -m chorale.plot_results,2026-06-19T23:37:06,NVIDIA GeForce RTX 4060 Ti 16GB; Intel i5-12400F; 16GB RAM; Windows 11 Professional 64-bit,Windows-10-10.0.26200-SP0,3.11.9,2.11.0+cu128
project1_rule_violations_bar,a-b,yes,proposed_neural_symbolic_masked_infilling_enhanced,proposed_neural_symbolic_masked_infilling_enhanced,masked_infill,True,hidden_direct_fifth,hidden direct fifth,84,1.1070110701107012,1.1070110701107012,2026,37,37 held-out music21 Bach chorales in the deterministic test split,100 quantized SATB score positions,results\project1_rule_violations.csv,src/chorale/plot_results.py,python -m chorale.plot_results,2026-06-19T23:37:06,NVIDIA GeForce RTX 4060 Ti 16GB; Intel i5-12400F; 16GB RAM; Windows 11 Professional 64-bit,Windows-10-10.0.26200-SP0,3.11.9,2.11.0+cu128
project1_rule_violations_bar,a-b,yes,proposed_neural_symbolic_masked_infilling_enhanced,proposed_neural_symbolic_masked_infilling_enhanced,masked_infill,True,hidden_direct_octave,hidden direct octave,72,0.9488666315234581,0.9488666315234581,2026,37,37 held-out music21 Bach chorales in the deterministic test split,100 quantized SATB score positions,results\project1_rule_violations.csv,src/chorale/plot_results.py,python -m chorale.plot_results,2026-06-19T23:37:06,NVIDIA GeForce RTX 4060 Ti 16GB; Intel i5-12400F; 16GB RAM; Windows 11 Professional 64-bit,Windows-10-10.0.26200-SP0,3.11.9,2.11.0+cu128
project1_rule_violations_bar,a-b,yes,proposed_neural_symbolic_masked_infilling_enhanced,proposed_neural_symbolic_masked_infilling_enhanced,masked_infill,True,leading_tone_resolution,Leading-tone resolution,1779,23.444913020558776,23.444913020558776,2026,37,37 held-out music21 Bach chorales in the deterministic test split,100 quantized SATB score positions,results\project1_rule_violations.csv,src/chorale/plot_results.py,python -m chorale.plot_results,2026-06-19T23:37:06,NVIDIA GeForce RTX 4060 Ti 16GB; Intel i5-12400F; 16GB RAM; Windows 11 Professional 64-bit,Windows-10-10.0.26200-SP0,3.11.9,2.11.0+cu128
project1_rule_violations_bar,a-b,yes,proposed_neural_symbolic_masked_infilling_enhanced,proposed_neural_symbolic_masked_infilling_enhanced,masked_infill,True,melodic_leap_recovery,melodic leap recovery,1072,14.127569847127043,14.127569847127043,2026,37,37 held-out music21 Bach chorales in the deterministic test split,100 quantized SATB score positions,results\project1_rule_violations.csv,src/chorale/plot_results.py,python -m chorale.plot_results,2026-06-19T23:37:06,NVIDIA GeForce RTX 4060 Ti 16GB; Intel i5-12400F; 16GB RAM; Windows 11 Professional 64-bit,Windows-10-10.0.26200-SP0,3.11.9,2.11.0+cu128
project1_rule_violations_bar,a-b,yes,proposed_neural_symbolic_masked_infilling_enhanced,proposed_neural_symbolic_masked_infilling_enhanced,masked_infill,True,parallel_fifth,Parallel fifths,188,2.477596204533474,2.477596204533474,2026,37,37 held-out music21 Bach chorales in the deterministic test split,100 quantized SATB score positions,results\project1_rule_violations.csv,src/chorale/plot_results.py,python -m chorale.plot_results,2026-06-19T23:37:06,NVIDIA GeForce RTX 4060 Ti 16GB; Intel i5-12400F; 16GB RAM; Windows 11 Professional 64-bit,Windows-10-10.0.26200-SP0,3.11.9,2.11.0+cu128
project1_rule_violations_bar,a-b,yes,proposed_neural_symbolic_masked_infilling_enhanced,proposed_neural_symbolic_masked_infilling_enhanced,masked_infill,True,parallel_octave,Parallel octaves,401,5.284659989457038,5.284659989457038,2026,37,37 held-out music21 Bach chorales in the deterministic test split,100 quantized SATB score positions,results\project1_rule_violations.csv,src/chorale/plot_results.py,python -m chorale.plot_results,2026-06-19T23:37:06,NVIDIA GeForce RTX 4060 Ti 16GB; Intel i5-12400F; 16GB RAM; Windows 11 Professional 64-bit,Windows-10-10.0.26200-SP0,3.11.9,2.11.0+cu128
project1_rule_violations_bar,a-b,yes,proposed_neural_symbolic_masked_infilling_enhanced,proposed_neural_symbolic_masked_infilling_enhanced,masked_infill,True,seventh_resolution,Seventh resolution,950,12.519768054823405,12.519768054823405,2026,37,37 held-out music21 Bach chorales in the deterministic test split,100 quantized SATB score positions,results\project1_rule_violations.csv,src/chorale/plot_results.py,python -m chorale.plot_results,2026-06-19T23:37:06,NVIDIA GeForce RTX 4060 Ti 16GB; Intel i5-12400F; 16GB RAM; Windows 11 Professional 64-bit,Windows-10-10.0.26200-SP0,3.11.9,2.11.0+cu128
project1_rule_violations_bar,a-b,yes,proposed_neural_symbolic_masked_infilling_enhanced,proposed_neural_symbolic_masked_infilling_enhanced,masked_infill,True,spacing,Adjacent-voice spacing,54,0.7116499736425935,0.7116499736425935,2026,37,37 held-out music21 Bach chorales in the deterministic test split,100 quantized SATB score positions,results\project1_rule_violations.csv,src/chorale/plot_results.py,python -m chorale.plot_results,2026-06-19T23:37:06,NVIDIA GeForce RTX 4060 Ti 16GB; Intel i5-12400F; 16GB RAM; Windows 11 Professional 64-bit,Windows-10-10.0.26200-SP0,3.11.9,2.11.0+cu128
project1_rule_violations_bar,a-b,yes,proposed_neural_symbolic_masked_infilling_enhanced,proposed_neural_symbolic_masked_infilling_enhanced,masked_infill,True,voice_crossing,Voice crossing,30,0.3953610964681075,0.3953610964681075,2026,37,37 held-out music21 Bach chorales in the deterministic test split,100 quantized SATB score positions,results\project1_rule_violations.csv,src/chorale/plot_results.py,python -m chorale.plot_results,2026-06-19T23:37:06,NVIDIA GeForce RTX 4060 Ti 16GB; Intel i5-12400F; 16GB RAM; Windows 11 Professional 64-bit,Windows-10-10.0.26200-SP0,3.11.9,2.11.0+cu128
project1_rule_violations_bar,a-b,yes,proposed_neural_symbolic_soprano_to_satb_enhanced,proposed_neural_symbolic_soprano_to_satb_enhanced,soprano_to_satb,True,hidden_direct_fifth,hidden direct fifth,13,0.1713231418028466,0.1713231418028466,2026,37,37 held-out music21 Bach chorales in the deterministic test split,100 quantized SATB score positions,results\project1_rule_violations.csv,src/chorale/plot_results.py,python -m chorale.plot_results,2026-06-19T23:37:06,NVIDIA GeForce RTX 4060 Ti 16GB; Intel i5-12400F; 16GB RAM; Windows 11 Professional 64-bit,Windows-10-10.0.26200-SP0,3.11.9,2.11.0+cu128
project1_rule_violations_bar,a-b,yes,proposed_neural_symbolic_soprano_to_satb_enhanced,proposed_neural_symbolic_soprano_to_satb_enhanced,soprano_to_satb,True,hidden_direct_octave,hidden direct octave,3,0.03953610964681075,0.03953610964681075,2026,37,37 held-out music21 Bach chorales in the deterministic test split,100 quantized SATB score positions,results\project1_rule_violations.csv,src/chorale/plot_results.py,python -m chorale.plot_results,2026-06-19T23:37:06,NVIDIA GeForce RTX 4060 Ti 16GB; Intel i5-12400F; 16GB RAM; Windows 11 Professional 64-bit,Windows-10-10.0.26200-SP0,3.11.9,2.11.0+cu128
project1_rule_violations_bar,a-b,yes,proposed_neural_symbolic_soprano_to_satb_enhanced,proposed_neural_symbolic_soprano_to_satb_enhanced,soprano_to_satb,True,leading_tone_resolution,Leading-tone resolution,1754,23.11544544016869,23.11544544016869,2026,37,37 held-out music21 Bach chorales in the deterministic test split,100 quantized SATB score positions,results\project1_rule_violations.csv,src/chorale/plot_results.py,python -m chorale.plot_results,2026-06-19T23:37:06,NVIDIA GeForce RTX 4060 Ti 16GB; Intel i5-12400F; 16GB RAM; Windows 11 Professional 64-bit,Windows-10-10.0.26200-SP0,3.11.9,2.11.0+cu128
project1_rule_violations_bar,a-b,yes,proposed_neural_symbolic_soprano_to_satb_enhanced,proposed_neural_symbolic_soprano_to_satb_enhanced,soprano_to_satb,True,melodic_leap_recovery,melodic leap recovery,893,11.768581971534001,11.768581971534001,2026,37,37 held-out music21 Bach chorales in the deterministic test split,100 quantized SATB score positions,results\project1_rule_violations.csv,src/chorale/plot_results.py,python -m chorale.plot_results,2026-06-19T23:37:06,NVIDIA GeForce RTX 4060 Ti 16GB; Intel i5-12400F; 16GB RAM; Windows 11 Professional 64-bit,Windows-10-10.0.26200-SP0,3.11.9,2.11.0+cu128
project1_rule_violations_bar,a-b,yes,proposed_neural_symbolic_soprano_to_satb_enhanced,proposed_neural_symbolic_soprano_to_satb_enhanced,soprano_to_satb,True,parallel_fifth,Parallel fifths,207,2.727991565629942,2.727991565629942,2026,37,37 held-out music21 Bach chorales in the deterministic test split,100 quantized SATB score positions,results\project1_rule_violations.csv,src/chorale/plot_results.py,python -m chorale.plot_results,2026-06-19T23:37:06,NVIDIA GeForce RTX 4060 Ti 16GB; Intel i5-12400F; 16GB RAM; Windows 11 Professional 64-bit,Windows-10-10.0.26200-SP0,3.11.9,2.11.0+cu128
project1_rule_violations_bar,a-b,yes,proposed_neural_symbolic_soprano_to_satb_enhanced,proposed_neural_symbolic_soprano_to_satb_enhanced,soprano_to_satb,True,parallel_octave,Parallel octaves,655,8.632050606220348,8.632050606220348,2026,37,37 held-out music21 Bach chorales in the deterministic test split,100 quantized SATB score positions,results\project1_rule_violations.csv,src/chorale/plot_results.py,python -m chorale.plot_results,2026-06-19T23:37:06,NVIDIA GeForce RTX 4060 Ti 16GB; Intel i5-12400F; 16GB RAM; Windows 11 Professional 64-bit,Windows-10-10.0.26200-SP0,3.11.9,2.11.0+cu128
project1_rule_violations_bar,a-b,yes,proposed_neural_symbolic_soprano_to_satb_enhanced,proposed_neural_symbolic_soprano_to_satb_enhanced,soprano_to_satb,True,seventh_resolution,Seventh resolution,985,12.981022667369531,12.981022667369531,2026,37,37 held-out music21 Bach chorales in the deterministic test split,100 quantized SATB score positions,results\project1_rule_violations.csv,src/chorale/plot_results.py,python -m chorale.plot_results,2026-06-19T23:37:06,NVIDIA GeForce RTX 4060 Ti 16GB; Intel i5-12400F; 16GB RAM; Windows 11 Professional 64-bit,Windows-10-10.0.26200-SP0,3.11.9,2.11.0+cu128
project1_rule_violations_bar,a-b,yes,ablation_no_harmony_conditioning_enhanced,ablation_no_harmony_conditioning_enhanced,soprano_to_satb,True,hidden_direct_fifth,hidden direct fifth,19,0.2503953610964681,0.2503953610964681,2026,37,37 held-out music21 Bach chorales in the deterministic test split,100 quantized SATB score positions,results\project1_rule_violations.csv,src/chorale/plot_results.py,python -m chorale.plot_results,2026-06-19T23:37:06,NVIDIA GeForce RTX 4060 Ti 16GB; Intel i5-12400F; 16GB RAM; Windows 11 Professional 64-bit,Windows-10-10.0.26200-SP0,3.11.9,2.11.0+cu128
project1_rule_violations_bar,a-b,yes,ablation_no_harmony_conditioning_enhanced,ablation_no_harmony_conditioning_enhanced,soprano_to_satb,True,hidden_direct_octave,hidden direct octave,21,0.2767527675276753,0.2767527675276753,2026,37,37 held-out music21 Bach chorales in the deterministic test split,100 quantized SATB score positions,results\project1_rule_violations.csv,src/chorale/plot_results.py,python -m chorale.plot_results,2026-06-19T23:37:06,NVIDIA GeForce RTX 4060 Ti 16GB; Intel i5-12400F; 16GB RAM; Windows 11 Professional 64-bit,Windows-10-10.0.26200-SP0,3.11.9,2.11.0+cu128
project1_rule_violations_bar,a-b,yes,ablation_no_harmony_conditioning_enhanced,ablation_no_harmony_conditioning_enhanced,soprano_to_satb,True,leading_tone_resolution,Leading-tone resolution,1051,13.850817079599368,13.850817079599368,2026,37,37 held-out music21 Bach chorales in the deterministic test split,100 quantized SATB score positions,results\project1_rule_violations.csv,src/chorale/plot_results.py,python -m chorale.plot_results,2026-06-19T23:37:06,NVIDIA GeForce RTX 4060 Ti 16GB; Intel i5-12400F; 16GB RAM; Windows 11 Professional 64-bit,Windows-10-10.0.26200-SP0,3.11.9,2.11.0+cu128
project1_rule_violations_bar,a-b,yes,ablation_no_harmony_conditioning_enhanced,ablation_no_harmony_conditioning_enhanced,soprano_to_satb,True,melodic_leap_recovery,melodic leap recovery,484,6.378492356352135,6.378492356352135,2026,37,37 held-out music21 Bach chorales in the deterministic test split,100 quantized SATB score positions,results\project1_rule_violations.csv,src/chorale/plot_results.py,python -m chorale.plot_results,2026-06-19T23:37:06,NVIDIA GeForce RTX 4060 Ti 16GB; Intel i5-12400F; 16GB RAM; Windows 11 Professional 64-bit,Windows-10-10.0.26200-SP0,3.11.9,2.11.0+cu128
project1_rule_violations_bar,a-b,yes,ablation_no_harmony_conditioning_enhanced,ablation_no_harmony_conditioning_enhanced,soprano_to_satb,True,parallel_fifth,Parallel fifths,411,5.416447021613073,5.416447021613073,2026,37,37 held-out music21 Bach chorales in the deterministic test split,100 quantized SATB score positions,results\project1_rule_violations.csv,src/chorale/plot_results.py,python -m chorale.plot_results,2026-06-19T23:37:06,NVIDIA GeForce RTX 4060 Ti 16GB; Intel i5-12400F; 16GB RAM; Windows 11 Professional 64-bit,Windows-10-10.0.26200-SP0,3.11.9,2.11.0+cu128
project1_rule_violations_bar,a-b,yes,ablation_no_harmony_conditioning_enhanced,ablation_no_harmony_conditioning_enhanced,soprano_to_satb,True,parallel_octave,Parallel octaves,219,2.886136004217185,2.886136004217185,2026,37,37 held-out music21 Bach chorales in the deterministic test split,100 quantized SATB score positions,results\project1_rule_violations.csv,src/chorale/plot_results.py,python -m chorale.plot_results,2026-06-19T23:37:06,NVIDIA GeForce RTX 4060 Ti 16GB; Intel i5-12400F; 16GB RAM; Windows 11 Professional 64-bit,Windows-10-10.0.26200-SP0,3.11.9,2.11.0+cu128
project1_rule_violations_bar,a-b,yes,ablation_no_harmony_conditioning_enhanced,ablation_no_harmony_conditioning_enhanced,soprano_to_satb,True,seventh_resolution,Seventh resolution,2177,28.690036900369005,28.690036900369005,2026,37,37 held-out music21 Bach chorales in the deterministic test split,100 quantized SATB score positions,results\project1_rule_violations.csv,src/chorale/plot_results.py,python -m chorale.plot_results,2026-06-19T23:37:06,NVIDIA GeForce RTX 4060 Ti 16GB; Intel i5-12400F; 16GB RAM; Windows 11 Professional 64-bit,Windows-10-10.0.26200-SP0,3.11.9,2.11.0+cu128
project1_rule_violations_bar,a-b,yes,ablation_no_iterative_refinement_enhanced,ablation_no_iterative_refinement_enhanced,soprano_to_satb,True,hidden_direct_fifth,hidden direct fifth,16,0.21085925144965736,0.21085925144965736,2026,37,37 held-out music21 Bach chorales in the deterministic test split,100 quantized SATB score positions,results\project1_rule_violations.csv,src/chorale/plot_results.py,python -m chorale.plot_results,2026-06-19T23:37:06,NVIDIA GeForce RTX 4060 Ti 16GB; Intel i5-12400F; 16GB RAM; Windows 11 Professional 64-bit,Windows-10-10.0.26200-SP0,3.11.9,2.11.0+cu128
project1_rule_violations_bar,a-b,yes,ablation_no_iterative_refinement_enhanced,ablation_no_iterative_refinement_enhanced,soprano_to_satb,True,hidden_direct_octave,hidden direct octave,3,0.03953610964681075,0.03953610964681075,2026,37,37 held-out music21 Bach chorales in the deterministic test split,100 quantized SATB score positions,results\project1_rule_violations.csv,src/chorale/plot_results.py,python -m chorale.plot_results,2026-06-19T23:37:06,NVIDIA GeForce RTX 4060 Ti 16GB; Intel i5-12400F; 16GB RAM; Windows 11 Professional 64-bit,Windows-10-10.0.26200-SP0,3.11.9,2.11.0+cu128
project1_rule_violations_bar,a-b,yes,ablation_no_iterative_refinement_enhanced,ablation_no_iterative_refinement_enhanced,soprano_to_satb,True,leading_tone_resolution,Leading-tone resolution,1891,24.92092778070638,24.92092778070638,2026,37,37 held-out music21 Bach chorales in the deterministic test split,100 quantized SATB score positions,results\project1_rule_violations.csv,src/chorale/plot_results.py,python -m chorale.plot_results,2026-06-19T23:37:06,NVIDIA GeForce RTX 4060 Ti 16GB; Intel i5-12400F; 16GB RAM; Windows 11 Professional 64-bit,Windows-10-10.0.26200-SP0,3.11.9,2.11.0+cu128
project1_rule_violations_bar,a-b,yes,ablation_no_iterative_refinement_enhanced,ablation_no_iterative_refinement_enhanced,soprano_to_satb,True,melodic_leap_recovery,melodic leap recovery,919,12.111228255139695,12.111228255139695,2026,37,37 held-out music21 Bach chorales in the deterministic test split,100 quantized SATB score positions,results\project1_rule_violations.csv,src/chorale/plot_results.py,python -m chorale.plot_results,2026-06-19T23:37:06,NVIDIA GeForce RTX 4060 Ti 16GB; Intel i5-12400F; 16GB RAM; Windows 11 Professional 64-bit,Windows-10-10.0.26200-SP0,3.11.9,2.11.0+cu128
project1_rule_violations_bar,a-b,yes,ablation_no_iterative_refinement_enhanced,ablation_no_iterative_refinement_enhanced,soprano_to_satb,True,parallel_fifth,Parallel fifths,209,2.754348972061149,2.754348972061149,2026,37,37 held-out music21 Bach chorales in the deterministic test split,100 quantized SATB score positions,results\project1_rule_violations.csv,src/chorale/plot_results.py,python -m chorale.plot_results,2026-06-19T23:37:06,NVIDIA GeForce RTX 4060 Ti 16GB; Intel i5-12400F; 16GB RAM; Windows 11 Professional 64-bit,Windows-10-10.0.26200-SP0,3.11.9,2.11.0+cu128
project1_rule_violations_bar,a-b,yes,ablation_no_iterative_refinement_enhanced,ablation_no_iterative_refinement_enhanced,soprano_to_satb,True,parallel_octave,Parallel octaves,631,8.315761729045862,8.315761729045862,2026,37,37 held-out music21 Bach chorales in the deterministic test split,100 quantized SATB score positions,results\project1_rule_violations.csv,src/chorale/plot_results.py,python -m chorale.plot_results,2026-06-19T23:37:06,NVIDIA GeForce RTX 4060 Ti 16GB; Intel i5-12400F; 16GB RAM; Windows 11 Professional 64-bit,Windows-10-10.0.26200-SP0,3.11.9,2.11.0+cu128
project1_rule_violations_bar,a-b,yes,ablation_no_iterative_refinement_enhanced,ablation_no_iterative_refinement_enhanced,soprano_to_satb,True,seventh_resolution,Seventh resolution,1015,13.376383763837639,13.376383763837639,2026,37,37 held-out music21 Bach chorales in the deterministic test split,100 quantized SATB score positions,results\project1_rule_violations.csv,src/chorale/plot_results.py,python -m chorale.plot_results,2026-06-19T23:37:06,NVIDIA GeForce RTX 4060 Ti 16GB; Intel i5-12400F; 16GB RAM; Windows 11 Professional 64-bit,Windows-10-10.0.26200-SP0,3.11.9,2.11.0+cu128
project1_rule_violations_bar,a-b,yes,ablation_no_rule_guided_decoding_enhanced,ablation_no_rule_guided_decoding_enhanced,soprano_to_satb,False,hidden_direct_fifth,hidden direct fifth,13,0.1713231418028466,0.1713231418028466,2026,37,37 held-out music21 Bach chorales in the deterministic test split,100 quantized SATB score positions,results\project1_rule_violations.csv,src/chorale/plot_results.py,python -m chorale.plot_results,2026-06-19T23:37:06,NVIDIA GeForce RTX 4060 Ti 16GB; Intel i5-12400F; 16GB RAM; Windows 11 Professional 64-bit,Windows-10-10.0.26200-SP0,3.11.9,2.11.0+cu128
project1_rule_violations_bar,a-b,yes,ablation_no_rule_guided_decoding_enhanced,ablation_no_rule_guided_decoding_enhanced,soprano_to_satb,False,hidden_direct_octave,hidden direct octave,1,0.013178703215603585,0.013178703215603585,2026,37,37 held-out music21 Bach chorales in the deterministic test split,100 quantized SATB score positions,results\project1_rule_violations.csv,src/chorale/plot_results.py,python -m chorale.plot_results,2026-06-19T23:37:06,NVIDIA GeForce RTX 4060 Ti 16GB; Intel i5-12400F; 16GB RAM; Windows 11 Professional 64-bit,Windows-10-10.0.26200-SP0,3.11.9,2.11.0+cu128
project1_rule_violations_bar,a-b,yes,ablation_no_rule_guided_decoding_enhanced,ablation_no_rule_guided_decoding_enhanced,soprano_to_satb,False,leading_tone_resolution,Leading-tone resolution,1660,21.87664733790195,21.87664733790195,2026,37,37 held-out music21 Bach chorales in the deterministic test split,100 quantized SATB score positions,results\project1_rule_violations.csv,src/chorale/plot_results.py,python -m chorale.plot_results,2026-06-19T23:37:06,NVIDIA GeForce RTX 4060 Ti 16GB; Intel i5-12400F; 16GB RAM; Windows 11 Professional 64-bit,Windows-10-10.0.26200-SP0,3.11.9,2.11.0+cu128
project1_rule_violations_bar,a-b,yes,ablation_no_rule_guided_decoding_enhanced,ablation_no_rule_guided_decoding_enhanced,soprano_to_satb,False,melodic_leap_recovery,melodic leap recovery,201,2.6489193463363203,2.6489193463363203,2026,37,37 held-out music21 Bach chorales in the deterministic test split,100 quantized SATB score positions,results\project1_rule_violations.csv,src/chorale/plot_results.py,python -m chorale.plot_results,2026-06-19T23:37:06,NVIDIA GeForce RTX 4060 Ti 16GB; Intel i5-12400F; 16GB RAM; Windows 11 Professional 64-bit,Windows-10-10.0.26200-SP0,3.11.9,2.11.0+cu128
project1_rule_violations_bar,a-b,yes,ablation_no_rule_guided_decoding_enhanced,ablation_no_rule_guided_decoding_enhanced,soprano_to_satb,False,parallel_fifth,Parallel fifths,125,1.6473379019504482,1.6473379019504482,2026,37,37 held-out music21 Bach chorales in the deterministic test split,100 quantized SATB score positions,results\project1_rule_violations.csv,src/chorale/plot_results.py,python -m chorale.plot_results,2026-06-19T23:37:06,NVIDIA GeForce RTX 4060 Ti 16GB; Intel i5-12400F; 16GB RAM; Windows 11 Professional 64-bit,Windows-10-10.0.26200-SP0,3.11.9,2.11.0+cu128
project1_rule_violations_bar,a-b,yes,ablation_no_rule_guided_decoding_enhanced,ablation_no_rule_guided_decoding_enhanced,soprano_to_satb,False,parallel_octave,Parallel octaves,244,3.215603584607275,3.215603584607275,2026,37,37 held-out music21 Bach chorales in the deterministic test split,100 quantized SATB score positions,results\project1_rule_violations.csv,src/chorale/plot_results.py,python -m chorale.plot_results,2026-06-19T23:37:06,NVIDIA GeForce RTX 4060 Ti 16GB; Intel i5-12400F; 16GB RAM; Windows 11 Professional 64-bit,Windows-10-10.0.26200-SP0,3.11.9,2.11.0+cu128
project1_rule_violations_bar,a-b,yes,ablation_no_rule_guided_decoding_enhanced,ablation_no_rule_guided_decoding_enhanced,soprano_to_satb,False,seventh_resolution,Seventh resolution,155,2.0426989984185555,2.0426989984185555,2026,37,37 held-out music21 Bach chorales in the deterministic test split,100 quantized SATB score positions,results\project1_rule_violations.csv,src/chorale/plot_results.py,python -m chorale.plot_results,2026-06-19T23:37:06,NVIDIA GeForce RTX 4060 Ti 16GB; Intel i5-12400F; 16GB RAM; Windows 11 Professional 64-bit,Windows-10-10.0.26200-SP0,3.11.9,2.11.0+cu128
project1_rule_violations_bar,a-b,yes,ablation_no_rule_guided_decoding_enhanced,ablation_no_rule_guided_decoding_enhanced,soprano_to_satb,False,spacing,Adjacent-voice spacing,20,0.2635740643120717,0.2635740643120717,2026,37,37 held-out music21 Bach chorales in the deterministic test split,100 quantized SATB score positions,results\project1_rule_violations.csv,src/chorale/plot_results.py,python -m chorale.plot_results,2026-06-19T23:37:06,NVIDIA GeForce RTX 4060 Ti 16GB; Intel i5-12400F; 16GB RAM; Windows 11 Professional 64-bit,Windows-10-10.0.26200-SP0,3.11.9,2.11.0+cu128
project1_rule_violations_bar,a-b,yes,ablation_no_rule_guided_decoding_enhanced,ablation_no_rule_guided_decoding_enhanced,soprano_to_satb,False,voice_crossing,Voice crossing,56,0.7380073800738007,0.7380073800738007,2026,37,37 held-out music21 Bach chorales in the deterministic test split,100 quantized SATB score positions,results\project1_rule_violations.csv,src/chorale/plot_results.py,python -m chorale.plot_results,2026-06-19T23:37:06,NVIDIA GeForce RTX 4060 Ti 16GB; Intel i5-12400F; 16GB RAM; Windows 11 Professional 64-bit,Windows-10-10.0.26200-SP0,3.11.9,2.11.0+cu128
project1_rule_violations_bar,a-b,yes,ablation_no_voice_relation_attention_enhanced,ablation_no_voice_relation_attention_enhanced,soprano_to_satb,True,hidden_direct_fifth,hidden direct fifth,19,0.2503953610964681,0.2503953610964681,2026,37,37 held-out music21 Bach chorales in the deterministic test split,100 quantized SATB score positions,results\project1_rule_violations.csv,src/chorale/plot_results.py,python -m chorale.plot_results,2026-06-19T23:37:06,NVIDIA GeForce RTX 4060 Ti 16GB; Intel i5-12400F; 16GB RAM; Windows 11 Professional 64-bit,Windows-10-10.0.26200-SP0,3.11.9,2.11.0+cu128
project1_rule_violations_bar,a-b,yes,ablation_no_voice_relation_attention_enhanced,ablation_no_voice_relation_attention_enhanced,soprano_to_satb,True,hidden_direct_octave,hidden direct octave,3,0.03953610964681075,0.03953610964681075,2026,37,37 held-out music21 Bach chorales in the deterministic test split,100 quantized SATB score positions,results\project1_rule_violations.csv,src/chorale/plot_results.py,python -m chorale.plot_results,2026-06-19T23:37:06,NVIDIA GeForce RTX 4060 Ti 16GB; Intel i5-12400F; 16GB RAM; Windows 11 Professional 64-bit,Windows-10-10.0.26200-SP0,3.11.9,2.11.0+cu128
project1_rule_violations_bar,a-b,yes,ablation_no_voice_relation_attention_enhanced,ablation_no_voice_relation_attention_enhanced,soprano_to_satb,True,leading_tone_resolution,Leading-tone resolution,1784,23.510806536636796,23.510806536636796,2026,37,37 held-out music21 Bach chorales in the deterministic test split,100 quantized SATB score positions,results\project1_rule_violations.csv,src/chorale/plot_results.py,python -m chorale.plot_results,2026-06-19T23:37:06,NVIDIA GeForce RTX 4060 Ti 16GB; Intel i5-12400F; 16GB RAM; Windows 11 Professional 64-bit,Windows-10-10.0.26200-SP0,3.11.9,2.11.0+cu128
project1_rule_violations_bar,a-b,yes,ablation_no_voice_relation_attention_enhanced,ablation_no_voice_relation_attention_enhanced,soprano_to_satb,True,melodic_leap_recovery,melodic leap recovery,1200,15.814443858724301,15.814443858724301,2026,37,37 held-out music21 Bach chorales in the deterministic test split,100 quantized SATB score positions,results\project1_rule_violations.csv,src/chorale/plot_results.py,python -m chorale.plot_results,2026-06-19T23:37:06,NVIDIA GeForce RTX 4060 Ti 16GB; Intel i5-12400F; 16GB RAM; Windows 11 Professional 64-bit,Windows-10-10.0.26200-SP0,3.11.9,2.11.0+cu128
project1_rule_violations_bar,a-b,yes,ablation_no_voice_relation_attention_enhanced,ablation_no_voice_relation_attention_enhanced,soprano_to_satb,True,parallel_fifth,Parallel fifths,265,3.49235635213495,3.49235635213495,2026,37,37 held-out music21 Bach chorales in the deterministic test split,100 quantized SATB score positions,results\project1_rule_violations.csv,src/chorale/plot_results.py,python -m chorale.plot_results,2026-06-19T23:37:06,NVIDIA GeForce RTX 4060 Ti 16GB; Intel i5-12400F; 16GB RAM; Windows 11 Professional 64-bit,Windows-10-10.0.26200-SP0,3.11.9,2.11.0+cu128
project1_rule_violations_bar,a-b,yes,ablation_no_voice_relation_attention_enhanced,ablation_no_voice_relation_attention_enhanced,soprano_to_satb,True,parallel_octave,Parallel octaves,860,11.333684765419083,11.333684765419083,2026,37,37 held-out music21 Bach chorales in the deterministic test split,100 quantized SATB score positions,results\project1_rule_violations.csv,src/chorale/plot_results.py,python -m chorale.plot_results,2026-06-19T23:37:06,NVIDIA GeForce RTX 4060 Ti 16GB; Intel i5-12400F; 16GB RAM; Windows 11 Professional 64-bit,Windows-10-10.0.26200-SP0,3.11.9,2.11.0+cu128
project1_rule_violations_bar,a-b,yes,ablation_no_voice_relation_attention_enhanced,ablation_no_voice_relation_attention_enhanced,soprano_to_satb,True,seventh_resolution,Seventh resolution,837,11.0305745914602,11.0305745914602,2026,37,37 held-out music21 Bach chorales in the deterministic test split,100 quantized SATB score positions,results\project1_rule_violations.csv,src/chorale/plot_results.py,python -m chorale.plot_results,2026-06-19T23:37:06,NVIDIA GeForce RTX 4060 Ti 16GB; Intel i5-12400F; 16GB RAM; Windows 11 Professional 64-bit,Windows-10-10.0.26200-SP0,3.11.9,2.11.0+cu128
project1_rule_violations_bar,a-b,yes,rerank_sweep_temporal2_seventh2,rerank_sweep_temporal2_seventh2,soprano_to_satb,True,hidden_direct_fifth,hidden direct fifth,1,0.013178703215603585,0.013178703215603585,2026,37,37 held-out music21 Bach chorales in the deterministic test split,100 quantized SATB score positions,results\project1_rule_violations.csv,src/chorale/plot_results.py,python -m chorale.plot_results,2026-06-19T23:37:06,NVIDIA GeForce RTX 4060 Ti 16GB; Intel i5-12400F; 16GB RAM; Windows 11 Professional 64-bit,Windows-10-10.0.26200-SP0,3.11.9,2.11.0+cu128
project1_rule_violations_bar,a-b,yes,proposed_neural_symbolic_rule_guided_rerankfix_20260617_125404,proposed_neural_symbolic_rule_guided_rerankfix_20260617_125404,soprano_to_satb,True,hidden_direct_fifth,hidden direct fifth,10,0.13178703215603585,0.13178703215603585,2026,37,37 held-out music21 Bach chorales in the deterministic test split,100 quantized SATB score positions,results\project1_rule_violations.csv,src/chorale/plot_results.py,python -m chorale.plot_results,2026-06-19T23:37:06,NVIDIA GeForce RTX 4060 Ti 16GB; Intel i5-12400F; 16GB RAM; Windows 11 Professional 64-bit,Windows-10-10.0.26200-SP0,3.11.9,2.11.0+cu128
project1_rule_violations_bar,a-b,yes,proposed_neural_symbolic_rule_guided_rerankfix_20260617_125404,proposed_neural_symbolic_rule_guided_rerankfix_20260617_125404,soprano_to_satb,True,leading_tone_resolution,Leading-tone resolution,1028,13.547706905640485,13.547706905640485,2026,37,37 held-out music21 Bach chorales in the deterministic test split,100 quantized SATB score positions,results\project1_rule_violations.csv,src/chorale/plot_results.py,python -m chorale.plot_results,2026-06-19T23:37:06,NVIDIA GeForce RTX 4060 Ti 16GB; Intel i5-12400F; 16GB RAM; Windows 11 Professional 64-bit,Windows-10-10.0.26200-SP0,3.11.9,2.11.0+cu128
project1_rule_violations_bar,a-b,yes,proposed_neural_symbolic_rule_guided_rerankfix_20260617_125404,proposed_neural_symbolic_rule_guided_rerankfix_20260617_125404,soprano_to_satb,True,melodic_leap_recovery,melodic leap recovery,94,1.238798102266737,1.238798102266737,2026,37,37 held-out music21 Bach chorales in the deterministic test split,100 quantized SATB score positions,results\project1_rule_violations.csv,src/chorale/plot_results.py,python -m chorale.plot_results,2026-06-19T23:37:06,NVIDIA GeForce RTX 4060 Ti 16GB; Intel i5-12400F; 16GB RAM; Windows 11 Professional 64-bit,Windows-10-10.0.26200-SP0,3.11.9,2.11.0+cu128
project1_rule_violations_bar,a-b,yes,proposed_neural_symbolic_rule_guided_rerankfix_20260617_125404,proposed_neural_symbolic_rule_guided_rerankfix_20260617_125404,soprano_to_satb,True,seventh_resolution,Seventh resolution,942,12.414338429098576,12.414338429098576,2026,37,37 held-out music21 Bach chorales in the deterministic test split,100 quantized SATB score positions,results\project1_rule_violations.csv,src/chorale/plot_results.py,python -m chorale.plot_results,2026-06-19T23:37:06,NVIDIA GeForce RTX 4060 Ti 16GB; Intel i5-12400F; 16GB RAM; Windows 11 Professional 64-bit,Windows-10-10.0.26200-SP0,3.11.9,2.11.0+cu128
project1_rule_violations_bar,a-b,yes,rerank_sweep_old_vertical_only,rerank_sweep_old_vertical_only,soprano_to_satb,True,hidden_direct_fifth,hidden direct fifth,13,0.1713231418028466,0.1713231418028466,2026,37,37 held-out music21 Bach chorales in the deterministic test split,100 quantized SATB score positions,results\project1_rule_violations.csv,src/chorale/plot_results.py,python -m chorale.plot_results,2026-06-19T23:37:06,NVIDIA GeForce RTX 4060 Ti 16GB; Intel i5-12400F; 16GB RAM; Windows 11 Professional 64-bit,Windows-10-10.0.26200-SP0,3.11.9,2.11.0+cu128
project1_rule_violations_bar,a-b,yes,rerank_sweep_old_vertical_only,rerank_sweep_old_vertical_only,soprano_to_satb,True,hidden_direct_octave,hidden direct octave,3,0.03953610964681075,0.03953610964681075,2026,37,37 held-out music21 Bach chorales in the deterministic test split,100 quantized SATB score positions,results\project1_rule_violations.csv,src/chorale/plot_results.py,python -m chorale.plot_results,2026-06-19T23:37:06,NVIDIA GeForce RTX 4060 Ti 16GB; Intel i5-12400F; 16GB RAM; Windows 11 Professional 64-bit,Windows-10-10.0.26200-SP0,3.11.9,2.11.0+cu128
project1_rule_violations_bar,a-b,yes,rerank_sweep_old_vertical_only,rerank_sweep_old_vertical_only,soprano_to_satb,True,leading_tone_resolution,Leading-tone resolution,1751,23.075909330521878,23.075909330521878,2026,37,37 held-out music21 Bach chorales in the deterministic test split,100 quantized SATB score positions,results\project1_rule_violations.csv,src/chorale/plot_results.py,python -m chorale.plot_results,2026-06-19T23:37:06,NVIDIA GeForce RTX 4060 Ti 16GB; Intel i5-12400F; 16GB RAM; Windows 11 Professional 64-bit,Windows-10-10.0.26200-SP0,3.11.9,2.11.0+cu128
project1_rule_violations_bar,a-b,yes,rerank_sweep_old_vertical_only,rerank_sweep_old_vertical_only,soprano_to_satb,True,melodic_leap_recovery,melodic leap recovery,912,12.018977332630469,12.018977332630469,2026,37,37 held-out music21 Bach chorales in the deterministic test split,100 quantized SATB score positions,results\project1_rule_violations.csv,src/chorale/plot_results.py,python -m chorale.plot_results,2026-06-19T23:37:06,NVIDIA GeForce RTX 4060 Ti 16GB; Intel i5-12400F; 16GB RAM; Windows 11 Professional 64-bit,Windows-10-10.0.26200-SP0,3.11.9,2.11.0+cu128
project1_rule_violations_bar,a-b,yes,rerank_sweep_old_vertical_only,rerank_sweep_old_vertical_only,soprano_to_satb,True,parallel_fifth,Parallel fifths,200,2.635740643120717,2.635740643120717,2026,37,37 held-out music21 Bach chorales in the deterministic test split,100 quantized SATB score positions,results\project1_rule_violations.csv,src/chorale/plot_results.py,python -m chorale.plot_results,2026-06-19T23:37:06,NVIDIA GeForce RTX 4060 Ti 16GB; Intel i5-12400F; 16GB RAM; Windows 11 Professional 64-bit,Windows-10-10.0.26200-SP0,3.11.9,2.11.0+cu128
project1_rule_violations_bar,a-b,yes,rerank_sweep_old_vertical_only,rerank_sweep_old_vertical_only,soprano_to_satb,True,parallel_octave,Parallel octaves,648,8.539799683711124,8.539799683711124,2026,37,37 held-out music21 Bach chorales in the deterministic test split,100 quantized SATB score positions,results\project1_rule_violations.csv,src/chorale/plot_results.py,python -m chorale.plot_results,2026-06-19T23:37:06,NVIDIA GeForce RTX 4060 Ti 16GB; Intel i5-12400F; 16GB RAM; Windows 11 Professional 64-bit,Windows-10-10.0.26200-SP0,3.11.9,2.11.0+cu128
project1_rule_violations_bar,a-b,yes,rerank_sweep_old_vertical_only,rerank_sweep_old_vertical_only,soprano_to_satb,True,seventh_resolution,Seventh resolution,989,13.033737480231945,13.033737480231945,2026,37,37 held-out music21 Bach chorales in the deterministic test split,100 quantized SATB score positions,results\project1_rule_violations.csv,src/chorale/plot_results.py,python -m chorale.plot_results,2026-06-19T23:37:06,NVIDIA GeForce RTX 4060 Ti 16GB; Intel i5-12400F; 16GB RAM; Windows 11 Professional 64-bit,Windows-10-10.0.26200-SP0,3.11.9,2.11.0+cu128
project1_rule_violations_bar,a-b,yes,rerank_sweep_balanced_t1_s1,rerank_sweep_balanced_t1_s1,soprano_to_satb,True,hidden_direct_fifth,hidden direct fifth,7,0.09225092250922509,0.09225092250922509,2026,37,37 held-out music21 Bach chorales in the deterministic test split,100 quantized SATB score positions,results\project1_rule_violations.csv,src/chorale/plot_results.py,python -m chorale.plot_results,2026-06-19T23:37:06,NVIDIA GeForce RTX 4060 Ti 16GB; Intel i5-12400F; 16GB RAM; Windows 11 Professional 64-bit,Windows-10-10.0.26200-SP0,3.11.9,2.11.0+cu128
project1_rule_violations_bar,a-b,yes,rerank_sweep_balanced_t1_s1,rerank_sweep_balanced_t1_s1,soprano_to_satb,True,leading_tone_resolution,Leading-tone resolution,1018,13.41591987348445,13.41591987348445,2026,37,37 held-out music21 Bach chorales in the deterministic test split,100 quantized SATB score positions,results\project1_rule_violations.csv,src/chorale/plot_results.py,python -m chorale.plot_results,2026-06-19T23:37:06,NVIDIA GeForce RTX 4060 Ti 16GB; Intel i5-12400F; 16GB RAM; Windows 11 Professional 64-bit,Windows-10-10.0.26200-SP0,3.11.9,2.11.0+cu128
project1_rule_violations_bar,a-b,yes,rerank_sweep_balanced_t1_s1,rerank_sweep_balanced_t1_s1,soprano_to_satb,True,melodic_leap_recovery,melodic leap recovery,93,1.2256193990511333,1.2256193990511333,2026,37,37 held-out music21 Bach chorales in the deterministic test split,100 quantized SATB score positions,results\project1_rule_violations.csv,src/chorale/plot_results.py,python -m chorale.plot_results,2026-06-19T23:37:06,NVIDIA GeForce RTX 4060 Ti 16GB; Intel i5-12400F; 16GB RAM; Windows 11 Professional 64-bit,Windows-10-10.0.26200-SP0,3.11.9,2.11.0+cu128
project1_rule_violations_bar,a-b,yes,rerank_sweep_balanced_t1_s1,rerank_sweep_balanced_t1_s1,soprano_to_satb,True,seventh_resolution,Seventh resolution,897,11.821296784396415,11.821296784396415,2026,37,37 held-out music21 Bach chorales in the deterministic test split,100 quantized SATB score positions,results\project1_rule_violations.csv,src/chorale/plot_results.py,python -m chorale.plot_results,2026-06-19T23:37:06,NVIDIA GeForce RTX 4060 Ti 16GB; Intel i5-12400F; 16GB RAM; Windows 11 Professional 64-bit,Windows-10-10.0.26200-SP0,3.11.9,2.11.0+cu128
project1_rule_violations_bar,a-b,yes,rerank_sweep_temporal2_seventh2,rerank_sweep_temporal2_seventh2,soprano_to_satb,True,leading_tone_resolution,Leading-tone resolution,660,8.697944122298367,8.697944122298367,2026,37,37 held-out music21 Bach chorales in the deterministic test split,100 quantized SATB score positions,results\project1_rule_violations.csv,src/chorale/plot_results.py,python -m chorale.plot_results,2026-06-19T23:37:06,NVIDIA GeForce RTX 4060 Ti 16GB; Intel i5-12400F; 16GB RAM; Windows 11 Professional 64-bit,Windows-10-10.0.26200-SP0,3.11.9,2.11.0+cu128
project1_rule_violations_bar,a-b,yes,rerank_sweep_temporal2_seventh2,rerank_sweep_temporal2_seventh2,soprano_to_satb,True,melodic_leap_recovery,melodic leap recovery,57,0.7511860832894043,0.7511860832894043,2026,37,37 held-out music21 Bach chorales in the deterministic test split,100 quantized SATB score positions,results\project1_rule_violations.csv,src/chorale/plot_results.py,python -m chorale.plot_results,2026-06-19T23:37:06,NVIDIA GeForce RTX 4060 Ti 16GB; Intel i5-12400F; 16GB RAM; Windows 11 Professional 64-bit,Windows-10-10.0.26200-SP0,3.11.9,2.11.0+cu128
project1_rule_violations_bar,a-b,yes,rerank_sweep_temporal2_seventh2,rerank_sweep_temporal2_seventh2,soprano_to_satb,True,parallel_octave,Parallel octaves,2,0.02635740643120717,0.02635740643120717,2026,37,37 held-out music21 Bach chorales in the deterministic test split,100 quantized SATB score positions,results\project1_rule_violations.csv,src/chorale/plot_results.py,python -m chorale.plot_results,2026-06-19T23:37:06,NVIDIA GeForce RTX 4060 Ti 16GB; Intel i5-12400F; 16GB RAM; Windows 11 Professional 64-bit,Windows-10-10.0.26200-SP0,3.11.9,2.11.0+cu128
project1_rule_violations_bar,a-b,yes,rerank_sweep_temporal2_seventh2,rerank_sweep_temporal2_seventh2,soprano_to_satb,True,seventh_resolution,Seventh resolution,880,11.597258829731155,11.597258829731155,2026,37,37 held-out music21 Bach chorales in the deterministic test split,100 quantized SATB score positions,results\project1_rule_violations.csv,src/chorale/plot_results.py,python -m chorale.plot_results,2026-06-19T23:37:06,NVIDIA GeForce RTX 4060 Ti 16GB; Intel i5-12400F; 16GB RAM; Windows 11 Professional 64-bit,Windows-10-10.0.26200-SP0,3.11.9,2.11.0+cu128
project1_rule_violations_bar,a-b,yes,rerank_sweep_temporal3_seventh2,rerank_sweep_temporal3_seventh2,soprano_to_satb,True,leading_tone_resolution,Leading-tone resolution,486,6.404849762783342,6.404849762783342,2026,37,37 held-out music21 Bach chorales in the deterministic test split,100 quantized SATB score positions,results\project1_rule_violations.csv,src/chorale/plot_results.py,python -m chorale.plot_results,2026-06-19T23:37:06,NVIDIA GeForce RTX 4060 Ti 16GB; Intel i5-12400F; 16GB RAM; Windows 11 Professional 64-bit,Windows-10-10.0.26200-SP0,3.11.9,2.11.0+cu128
project1_rule_violations_bar,a-b,yes,rerank_sweep_temporal3_seventh2,rerank_sweep_temporal3_seventh2,soprano_to_satb,True,melodic_leap_recovery,melodic leap recovery,55,0.7248286768581972,0.7248286768581972,2026,37,37 held-out music21 Bach chorales in the deterministic test split,100 quantized SATB score positions,results\project1_rule_violations.csv,src/chorale/plot_results.py,python -m chorale.plot_results,2026-06-19T23:37:06,NVIDIA GeForce RTX 4060 Ti 16GB; Intel i5-12400F; 16GB RAM; Windows 11 Professional 64-bit,Windows-10-10.0.26200-SP0,3.11.9,2.11.0+cu128
project1_rule_violations_bar,a-b,yes,rerank_sweep_temporal3_seventh2,rerank_sweep_temporal3_seventh2,soprano_to_satb,True,parallel_octave,Parallel octaves,4,0.05271481286241434,0.05271481286241434,2026,37,37 held-out music21 Bach chorales in the deterministic test split,100 quantized SATB score positions,results\project1_rule_violations.csv,src/chorale/plot_results.py,python -m chorale.plot_results,2026-06-19T23:37:06,NVIDIA GeForce RTX 4060 Ti 16GB; Intel i5-12400F; 16GB RAM; Windows 11 Professional 64-bit,Windows-10-10.0.26200-SP0,3.11.9,2.11.0+cu128
project1_rule_violations_bar,a-b,yes,rerank_sweep_temporal3_seventh2,rerank_sweep_temporal3_seventh2,soprano_to_satb,True,seventh_resolution,Seventh resolution,891,11.742224565102793,11.742224565102793,2026,37,37 held-out music21 Bach chorales in the deterministic test split,100 quantized SATB score positions,results\project1_rule_violations.csv,src/chorale/plot_results.py,python -m chorale.plot_results,2026-06-19T23:37:06,NVIDIA GeForce RTX 4060 Ti 16GB; Intel i5-12400F; 16GB RAM; Windows 11 Professional 64-bit,Windows-10-10.0.26200-SP0,3.11.9,2.11.0+cu128
project1_rule_violations_bar,a-b,yes,rerank_sweep_temporal4_seventh3,rerank_sweep_temporal4_seventh3,soprano_to_satb,True,leading_tone_resolution,Leading-tone resolution,413,5.442804428044281,5.442804428044281,2026,37,37 held-out music21 Bach chorales in the deterministic test split,100 quantized SATB score positions,results\project1_rule_violations.csv,src/chorale/plot_results.py,python -m chorale.plot_results,2026-06-19T23:37:06,NVIDIA GeForce RTX 4060 Ti 16GB; Intel i5-12400F; 16GB RAM; Windows 11 Professional 64-bit,Windows-10-10.0.26200-SP0,3.11.9,2.11.0+cu128
project1_rule_violations_bar,a-b,yes,rerank_sweep_temporal4_seventh3,rerank_sweep_temporal4_seventh3,soprano_to_satb,True,melodic_leap_recovery,melodic leap recovery,58,0.7643647865050079,0.7643647865050079,2026,37,37 held-out music21 Bach chorales in the deterministic test split,100 quantized SATB score positions,results\project1_rule_violations.csv,src/chorale/plot_results.py,python -m chorale.plot_results,2026-06-19T23:37:06,NVIDIA GeForce RTX 4060 Ti 16GB; Intel i5-12400F; 16GB RAM; Windows 11 Professional 64-bit,Windows-10-10.0.26200-SP0,3.11.9,2.11.0+cu128
project1_rule_violations_bar,a-b,yes,rerank_sweep_temporal4_seventh3,rerank_sweep_temporal4_seventh3,soprano_to_satb,True,parallel_fifth,Parallel fifths,1,0.013178703215603585,0.013178703215603585,2026,37,37 held-out music21 Bach chorales in the deterministic test split,100 quantized SATB score positions,results\project1_rule_violations.csv,src/chorale/plot_results.py,python -m chorale.plot_results,2026-06-19T23:37:06,NVIDIA GeForce RTX 4060 Ti 16GB; Intel i5-12400F; 16GB RAM; Windows 11 Professional 64-bit,Windows-10-10.0.26200-SP0,3.11.9,2.11.0+cu128
project1_rule_violations_bar,a-b,yes,rerank_sweep_temporal4_seventh3,rerank_sweep_temporal4_seventh3,soprano_to_satb,True,parallel_octave,Parallel octaves,5,0.06589351607801792,0.06589351607801792,2026,37,37 held-out music21 Bach chorales in the deterministic test split,100 quantized SATB score positions,results\project1_rule_violations.csv,src/chorale/plot_results.py,python -m chorale.plot_results,2026-06-19T23:37:06,NVIDIA GeForce RTX 4060 Ti 16GB; Intel i5-12400F; 16GB RAM; Windows 11 Professional 64-bit,Windows-10-10.0.26200-SP0,3.11.9,2.11.0+cu128
project1_rule_violations_bar,a-b,yes,rerank_sweep_temporal4_seventh3,rerank_sweep_temporal4_seventh3,soprano_to_satb,True,seventh_resolution,Seventh resolution,873,11.505007907221929,11.505007907221929,2026,37,37 held-out music21 Bach chorales in the deterministic test split,100 quantized SATB score positions,results\project1_rule_violations.csv,src/chorale/plot_results.py,python -m chorale.plot_results,2026-06-19T23:37:06,NVIDIA GeForce RTX 4060 Ti 16GB; Intel i5-12400F; 16GB RAM; Windows 11 Professional 64-bit,Windows-10-10.0.26200-SP0,3.11.9,2.11.0+cu128
project1_rule_violations_bar,a-b,yes,proposed_neural_symbolic_rule_guided_rerankfix_tuned_20260617_125404,proposed_neural_symbolic_rule_guided_rerankfix_tuned_20260617_125404,soprano_to_satb,True,leading_tone_resolution,Leading-tone resolution,413,5.442804428044281,5.442804428044281,2026,37,37 held-out music21 Bach chorales in the deterministic test split,100 quantized SATB score positions,results\project1_rule_violations.csv,src/chorale/plot_results.py,python -m chorale.plot_results,2026-06-19T23:37:06,NVIDIA GeForce RTX 4060 Ti 16GB; Intel i5-12400F; 16GB RAM; Windows 11 Professional 64-bit,Windows-10-10.0.26200-SP0,3.11.9,2.11.0+cu128
project1_rule_violations_bar,a-b,yes,proposed_neural_symbolic_rule_guided_rerankfix_tuned_20260617_125404,proposed_neural_symbolic_rule_guided_rerankfix_tuned_20260617_125404,soprano_to_satb,True,melodic_leap_recovery,melodic leap recovery,58,0.7643647865050079,0.7643647865050079,2026,37,37 held-out music21 Bach chorales in the deterministic test split,100 quantized SATB score positions,results\project1_rule_violations.csv,src/chorale/plot_results.py,python -m chorale.plot_results,2026-06-19T23:37:06,NVIDIA GeForce RTX 4060 Ti 16GB; Intel i5-12400F; 16GB RAM; Windows 11 Professional 64-bit,Windows-10-10.0.26200-SP0,3.11.9,2.11.0+cu128
project1_rule_violations_bar,a-b,yes,proposed_neural_symbolic_rule_guided_rerankfix_tuned_20260617_125404,proposed_neural_symbolic_rule_guided_rerankfix_tuned_20260617_125404,soprano_to_satb,True,parallel_fifth,Parallel fifths,1,0.013178703215603585,0.013178703215603585,2026,37,37 held-out music21 Bach chorales in the deterministic test split,100 quantized SATB score positions,results\project1_rule_violations.csv,src/chorale/plot_results.py,python -m chorale.plot_results,2026-06-19T23:37:06,NVIDIA GeForce RTX 4060 Ti 16GB; Intel i5-12400F; 16GB RAM; Windows 11 Professional 64-bit,Windows-10-10.0.26200-SP0,3.11.9,2.11.0+cu128
project1_rule_violations_bar,a-b,yes,proposed_neural_symbolic_rule_guided_rerankfix_tuned_20260617_125404,proposed_neural_symbolic_rule_guided_rerankfix_tuned_20260617_125404,soprano_to_satb,True,parallel_octave,Parallel octaves,5,0.06589351607801792,0.06589351607801792,2026,37,37 held-out music21 Bach chorales in the deterministic test split,100 quantized SATB score positions,results\project1_rule_violations.csv,src/chorale/plot_results.py,python -m chorale.plot_results,2026-06-19T23:37:06,NVIDIA GeForce RTX 4060 Ti 16GB; Intel i5-12400F; 16GB RAM; Windows 11 Professional 64-bit,Windows-10-10.0.26200-SP0,3.11.9,2.11.0+cu128
project1_rule_violations_bar,a-b,yes,proposed_neural_symbolic_rule_guided_rerankfix_tuned_20260617_125404,proposed_neural_symbolic_rule_guided_rerankfix_tuned_20260617_125404,soprano_to_satb,True,seventh_resolution,Seventh resolution,873,11.505007907221929,11.505007907221929,2026,37,37 held-out music21 Bach chorales in the deterministic test split,100 quantized SATB score positions,results\project1_rule_violations.csv,src/chorale/plot_results.py,python -m chorale.plot_results,2026-06-19T23:37:06,NVIDIA GeForce RTX 4060 Ti 16GB; Intel i5-12400F; 16GB RAM; Windows 11 Professional 64-bit,Windows-10-10.0.26200-SP0,3.11.9,2.11.0+cu128
