figure,panel,plotted,run,model_label,epoch,train_loss,val_loss,val_accuracy,selection_role,excluded_reason,seed,source_file,script,command,generated_at,hardware,os,python_version,torch_version
project1_training_curves,a-b,yes,chorale_lstm,LSTM,1,1.565259663682235,1.3299814462661743,0.712219500541687,selected comparable training history,,2026,runs\chorale_lstm\metrics.csv,src/chorale/plot_results.py,python -m chorale.plot_results,2026-07-05T22:35:50,NVIDIA GeForce RTX 4060 Ti 16GB; Intel i5-12400F; 16GB RAM; Windows 11 Professional 64-bit,Windows-10-10.0.26200-SP0,3.11.9,2.11.0+cu128
project1_training_curves,a-b,yes,chorale_lstm,LSTM,2,1.1317867087690454,1.028417432308197,0.725897204875946,selected comparable training history,,2026,runs\chorale_lstm\metrics.csv,src/chorale/plot_results.py,python -m chorale.plot_results,2026-07-05T22:35:50,NVIDIA GeForce RTX 4060 Ti 16GB; Intel i5-12400F; 16GB RAM; Windows 11 Professional 64-bit,Windows-10-10.0.26200-SP0,3.11.9,2.11.0+cu128
project1_training_curves,a-b,yes,chorale_lstm,LSTM,3,1.0016716702988273,1.003446912765503,0.720234477519989,selected comparable training history,,2026,runs\chorale_lstm\metrics.csv,src/chorale/plot_results.py,python -m chorale.plot_results,2026-07-05T22:35:50,NVIDIA GeForce RTX 4060 Ti 16GB; Intel i5-12400F; 16GB RAM; Windows 11 Professional 64-bit,Windows-10-10.0.26200-SP0,3.11.9,2.11.0+cu128
project1_training_curves,a-b,yes,chorale_lstm,LSTM,4,0.9898403177135869,1.0014461517333983,0.7199285745620727,selected comparable training history,,2026,runs\chorale_lstm\metrics.csv,src/chorale/plot_results.py,python -m chorale.plot_results,2026-07-05T22:35:50,NVIDIA GeForce RTX 4060 Ti 16GB; Intel i5-12400F; 16GB RAM; Windows 11 Professional 64-bit,Windows-10-10.0.26200-SP0,3.11.9,2.11.0+cu128
project1_training_curves,a-b,yes,chorale_lstm,LSTM,5,0.9881395274087003,0.9899476766586304,0.7321625828742981,selected comparable training history,,2026,runs\chorale_lstm\metrics.csv,src/chorale/plot_results.py,python -m chorale.plot_results,2026-07-05T22:35:50,NVIDIA GeForce RTX 4060 Ti 16GB; Intel i5-12400F; 16GB RAM; Windows 11 Professional 64-bit,Windows-10-10.0.26200-SP0,3.11.9,2.11.0+cu128
project1_training_curves,a-b,yes,chorale_lstm,LSTM,6,0.9806213520075145,0.9928658485412598,0.7316648006439209,selected comparable training history,,2026,runs\chorale_lstm\metrics.csv,src/chorale/plot_results.py,python -m chorale.plot_results,2026-07-05T22:35:50,NVIDIA GeForce RTX 4060 Ti 16GB; Intel i5-12400F; 16GB RAM; Windows 11 Professional 64-bit,Windows-10-10.0.26200-SP0,3.11.9,2.11.0+cu128
project1_training_curves,a-b,yes,chorale_lstm,LSTM,7,0.989077877057226,0.9981692671775818,0.7247544646263122,selected comparable training history,,2026,runs\chorale_lstm\metrics.csv,src/chorale/plot_results.py,python -m chorale.plot_results,2026-07-05T22:35:50,NVIDIA GeForce RTX 4060 Ti 16GB; Intel i5-12400F; 16GB RAM; Windows 11 Professional 64-bit,Windows-10-10.0.26200-SP0,3.11.9,2.11.0+cu128
project1_training_curves,a-b,yes,chorale_lstm,LSTM,8,0.9880569639958834,0.9992841601371765,0.7231156349182128,selected comparable training history,,2026,runs\chorale_lstm\metrics.csv,src/chorale/plot_results.py,python -m chorale.plot_results,2026-07-05T22:35:50,NVIDIA GeForce RTX 4060 Ti 16GB; Intel i5-12400F; 16GB RAM; Windows 11 Professional 64-bit,Windows-10-10.0.26200-SP0,3.11.9,2.11.0+cu128
project1_training_curves,a-b,yes,chorale_lstm,LSTM,9,0.9864496682819567,0.9820879936218262,0.7357134699821473,selected comparable training history,,2026,runs\chorale_lstm\metrics.csv,src/chorale/plot_results.py,python -m chorale.plot_results,2026-07-05T22:35:50,NVIDIA GeForce RTX 4060 Ti 16GB; Intel i5-12400F; 16GB RAM; Windows 11 Professional 64-bit,Windows-10-10.0.26200-SP0,3.11.9,2.11.0+cu128
project1_training_curves,a-b,yes,chorale_lstm,LSTM,10,0.9785165410292777,0.9893713235855103,0.7235021114349365,selected comparable training history,,2026,runs\chorale_lstm\metrics.csv,src/chorale/plot_results.py,python -m chorale.plot_results,2026-07-05T22:35:50,NVIDIA GeForce RTX 4060 Ti 16GB; Intel i5-12400F; 16GB RAM; Windows 11 Professional 64-bit,Windows-10-10.0.26200-SP0,3.11.9,2.11.0+cu128
project1_training_curves,a-b,yes,chorale_lstm,LSTM,11,0.9672906979134208,0.9710855722427368,0.7394055843353271,selected comparable training history,,2026,runs\chorale_lstm\metrics.csv,src/chorale/plot_results.py,python -m chorale.plot_results,2026-07-05T22:35:50,NVIDIA GeForce RTX 4060 Ti 16GB; Intel i5-12400F; 16GB RAM; Windows 11 Professional 64-bit,Windows-10-10.0.26200-SP0,3.11.9,2.11.0+cu128
project1_training_curves,a-b,yes,chorale_lstm,LSTM,12,0.952313023178201,0.9501496195793152,0.7491429686546326,selected comparable training history,,2026,runs\chorale_lstm\metrics.csv,src/chorale/plot_results.py,python -m chorale.plot_results,2026-07-05T22:35:50,NVIDIA GeForce RTX 4060 Ti 16GB; Intel i5-12400F; 16GB RAM; Windows 11 Professional 64-bit,Windows-10-10.0.26200-SP0,3.11.9,2.11.0+cu128
project1_training_curves,a-b,yes,chorale_lstm,LSTM,13,0.9427760149303236,0.9438658714294433,0.7500543713569641,selected comparable training history,,2026,runs\chorale_lstm\metrics.csv,src/chorale/plot_results.py,python -m chorale.plot_results,2026-07-05T22:35:50,NVIDIA GeForce RTX 4060 Ti 16GB; Intel i5-12400F; 16GB RAM; Windows 11 Professional 64-bit,Windows-10-10.0.26200-SP0,3.11.9,2.11.0+cu128
project1_training_curves,a-b,yes,chorale_lstm,LSTM,14,0.9274669932691675,0.9206456780433655,0.7568437814712524,selected comparable training history,,2026,runs\chorale_lstm\metrics.csv,src/chorale/plot_results.py,python -m chorale.plot_results,2026-07-05T22:35:50,NVIDIA GeForce RTX 4060 Ti 16GB; Intel i5-12400F; 16GB RAM; Windows 11 Professional 64-bit,Windows-10-10.0.26200-SP0,3.11.9,2.11.0+cu128
project1_training_curves,a-b,yes,chorale_lstm,LSTM,15,0.901610476405997,0.9086905002593995,0.7539183378219605,selected comparable training history,,2026,runs\chorale_lstm\metrics.csv,src/chorale/plot_results.py,python -m chorale.plot_results,2026-07-05T22:35:50,NVIDIA GeForce RTX 4060 Ti 16GB; Intel i5-12400F; 16GB RAM; Windows 11 Professional 64-bit,Windows-10-10.0.26200-SP0,3.11.9,2.11.0+cu128
project1_training_curves,a-b,yes,chorale_lstm,LSTM,16,0.8846872103841681,0.8849666953086853,0.7646635174751282,selected comparable training history,,2026,runs\chorale_lstm\metrics.csv,src/chorale/plot_results.py,python -m chorale.plot_results,2026-07-05T22:35:50,NVIDIA GeForce RTX 4060 Ti 16GB; Intel i5-12400F; 16GB RAM; Windows 11 Professional 64-bit,Windows-10-10.0.26200-SP0,3.11.9,2.11.0+cu128
project1_training_curves,a-b,yes,chorale_lstm,LSTM,17,0.8771779568571794,0.8674307942390442,0.7637401342391967,selected comparable training history,,2026,runs\chorale_lstm\metrics.csv,src/chorale/plot_results.py,python -m chorale.plot_results,2026-07-05T22:35:50,NVIDIA GeForce RTX 4060 Ti 16GB; Intel i5-12400F; 16GB RAM; Windows 11 Professional 64-bit,Windows-10-10.0.26200-SP0,3.11.9,2.11.0+cu128
project1_training_curves,a-b,yes,chorale_lstm,LSTM,18,0.8558417715524372,0.8610880017280579,0.7668627619743347,selected comparable training history,,2026,runs\chorale_lstm\metrics.csv,src/chorale/plot_results.py,python -m chorale.plot_results,2026-07-05T22:35:50,NVIDIA GeForce RTX 4060 Ti 16GB; Intel i5-12400F; 16GB RAM; Windows 11 Professional 64-bit,Windows-10-10.0.26200-SP0,3.11.9,2.11.0+cu128
project1_training_curves,a-b,yes,chorale_lstm,LSTM,19,0.850534682211123,0.8419962286949157,0.7686590790748596,selected comparable training history,,2026,runs\chorale_lstm\metrics.csv,src/chorale/plot_results.py,python -m chorale.plot_results,2026-07-05T22:35:50,NVIDIA GeForce RTX 4060 Ti 16GB; Intel i5-12400F; 16GB RAM; Windows 11 Professional 64-bit,Windows-10-10.0.26200-SP0,3.11.9,2.11.0+cu128
project1_training_curves,a-b,yes,chorale_lstm,LSTM,20,0.8323863023205808,0.8347461581230163,0.7677683115005494,selected comparable training history,,2026,runs\chorale_lstm\metrics.csv,src/chorale/plot_results.py,python -m chorale.plot_results,2026-07-05T22:35:50,NVIDIA GeForce RTX 4060 Ti 16GB; Intel i5-12400F; 16GB RAM; Windows 11 Professional 64-bit,Windows-10-10.0.26200-SP0,3.11.9,2.11.0+cu128
project1_training_curves,a-b,yes,chorale_lstm,LSTM,1,1.565259663682235,1.3299814462661743,0.712219500541687,selected comparable training history,,2026,runs\chorale_lstm\metrics.csv,src/chorale/plot_results.py,python -m chorale.plot_results,2026-07-05T22:35:50,NVIDIA GeForce RTX 4060 Ti 16GB; Intel i5-12400F; 16GB RAM; Windows 11 Professional 64-bit,Windows-10-10.0.26200-SP0,3.11.9,2.11.0+cu128
project1_training_curves,a-b,yes,chorale_lstm,LSTM,2,1.1317867087690454,1.028417432308197,0.725897204875946,selected comparable training history,,2026,runs\chorale_lstm\metrics.csv,src/chorale/plot_results.py,python -m chorale.plot_results,2026-07-05T22:35:50,NVIDIA GeForce RTX 4060 Ti 16GB; Intel i5-12400F; 16GB RAM; Windows 11 Professional 64-bit,Windows-10-10.0.26200-SP0,3.11.9,2.11.0+cu128
project1_training_curves,a-b,yes,chorale_lstm,LSTM,3,1.0016716702988273,1.003446912765503,0.720234477519989,selected comparable training history,,2026,runs\chorale_lstm\metrics.csv,src/chorale/plot_results.py,python -m chorale.plot_results,2026-07-05T22:35:50,NVIDIA GeForce RTX 4060 Ti 16GB; Intel i5-12400F; 16GB RAM; Windows 11 Professional 64-bit,Windows-10-10.0.26200-SP0,3.11.9,2.11.0+cu128
project1_training_curves,a-b,yes,chorale_lstm,LSTM,4,0.9898403177135869,1.0014461517333983,0.7199285745620727,selected comparable training history,,2026,runs\chorale_lstm\metrics.csv,src/chorale/plot_results.py,python -m chorale.plot_results,2026-07-05T22:35:50,NVIDIA GeForce RTX 4060 Ti 16GB; Intel i5-12400F; 16GB RAM; Windows 11 Professional 64-bit,Windows-10-10.0.26200-SP0,3.11.9,2.11.0+cu128
project1_training_curves,a-b,yes,chorale_lstm,LSTM,5,0.9881395274087003,0.9899476766586304,0.7321625828742981,selected comparable training history,,2026,runs\chorale_lstm\metrics.csv,src/chorale/plot_results.py,python -m chorale.plot_results,2026-07-05T22:35:50,NVIDIA GeForce RTX 4060 Ti 16GB; Intel i5-12400F; 16GB RAM; Windows 11 Professional 64-bit,Windows-10-10.0.26200-SP0,3.11.9,2.11.0+cu128
project1_training_curves,a-b,yes,chorale_lstm,LSTM,6,0.9806213520075145,0.9928658485412598,0.7316648006439209,selected comparable training history,,2026,runs\chorale_lstm\metrics.csv,src/chorale/plot_results.py,python -m chorale.plot_results,2026-07-05T22:35:50,NVIDIA GeForce RTX 4060 Ti 16GB; Intel i5-12400F; 16GB RAM; Windows 11 Professional 64-bit,Windows-10-10.0.26200-SP0,3.11.9,2.11.0+cu128
project1_training_curves,a-b,yes,chorale_lstm,LSTM,7,0.9890776872634888,0.9981690526008606,0.7247544646263122,selected comparable training history,,2026,runs\chorale_lstm\metrics.csv,src/chorale/plot_results.py,python -m chorale.plot_results,2026-07-05T22:35:50,NVIDIA GeForce RTX 4060 Ti 16GB; Intel i5-12400F; 16GB RAM; Windows 11 Professional 64-bit,Windows-10-10.0.26200-SP0,3.11.9,2.11.0+cu128
project1_training_curves,a-b,yes,chorale_lstm,LSTM,8,0.9880558111165699,0.9992851376533508,0.7230762362480163,selected comparable training history,,2026,runs\chorale_lstm\metrics.csv,src/chorale/plot_results.py,python -m chorale.plot_results,2026-07-05T22:35:50,NVIDIA GeForce RTX 4060 Ti 16GB; Intel i5-12400F; 16GB RAM; Windows 11 Professional 64-bit,Windows-10-10.0.26200-SP0,3.11.9,2.11.0+cu128
project1_training_curves,a-b,yes,chorale_lstm,LSTM,9,0.9864516681746432,0.9820881843566894,0.7357539296150207,selected comparable training history,,2026,runs\chorale_lstm\metrics.csv,src/chorale/plot_results.py,python -m chorale.plot_results,2026-07-05T22:35:50,NVIDIA GeForce RTX 4060 Ti 16GB; Intel i5-12400F; 16GB RAM; Windows 11 Professional 64-bit,Windows-10-10.0.26200-SP0,3.11.9,2.11.0+cu128
project1_training_curves,a-b,yes,chorale_lstm,LSTM,10,0.9785414542022505,0.9892185211181641,0.7235417842864991,selected comparable training history,,2026,runs\chorale_lstm\metrics.csv,src/chorale/plot_results.py,python -m chorale.plot_results,2026-07-05T22:35:50,NVIDIA GeForce RTX 4060 Ti 16GB; Intel i5-12400F; 16GB RAM; Windows 11 Professional 64-bit,Windows-10-10.0.26200-SP0,3.11.9,2.11.0+cu128
project1_training_curves,a-b,yes,chorale_lstm,LSTM,11,0.9672499581387168,0.9715381741523743,0.7387299418449402,selected comparable training history,,2026,runs\chorale_lstm\metrics.csv,src/chorale/plot_results.py,python -m chorale.plot_results,2026-07-05T22:35:50,NVIDIA GeForce RTX 4060 Ti 16GB; Intel i5-12400F; 16GB RAM; Windows 11 Professional 64-bit,Windows-10-10.0.26200-SP0,3.11.9,2.11.0+cu128
project1_training_curves,a-b,yes,chorale_lstm,LSTM,12,0.9522700231326254,0.9501338601112366,0.7494401812553406,selected comparable training history,,2026,runs\chorale_lstm\metrics.csv,src/chorale/plot_results.py,python -m chorale.plot_results,2026-07-05T22:35:50,NVIDIA GeForce RTX 4060 Ti 16GB; Intel i5-12400F; 16GB RAM; Windows 11 Professional 64-bit,Windows-10-10.0.26200-SP0,3.11.9,2.11.0+cu128
project1_training_curves,a-b,yes,chorale_lstm,LSTM,13,0.9429014607479698,0.9433565020561219,0.7488245368003845,selected comparable training history,,2026,runs\chorale_lstm\metrics.csv,src/chorale/plot_results.py,python -m chorale.plot_results,2026-07-05T22:35:50,NVIDIA GeForce RTX 4060 Ti 16GB; Intel i5-12400F; 16GB RAM; Windows 11 Professional 64-bit,Windows-10-10.0.26200-SP0,3.11.9,2.11.0+cu128
project1_training_curves,a-b,yes,chorale_lstm,LSTM,14,0.9279204685437051,0.919846522808075,0.7593625307083129,selected comparable training history,,2026,runs\chorale_lstm\metrics.csv,src/chorale/plot_results.py,python -m chorale.plot_results,2026-07-05T22:35:50,NVIDIA GeForce RTX 4060 Ti 16GB; Intel i5-12400F; 16GB RAM; Windows 11 Professional 64-bit,Windows-10-10.0.26200-SP0,3.11.9,2.11.0+cu128
project1_training_curves,a-b,yes,chorale_lstm,LSTM,15,0.9017866034256784,0.908356773853302,0.7522780776023865,selected comparable training history,,2026,runs\chorale_lstm\metrics.csv,src/chorale/plot_results.py,python -m chorale.plot_results,2026-07-05T22:35:50,NVIDIA GeForce RTX 4060 Ti 16GB; Intel i5-12400F; 16GB RAM; Windows 11 Professional 64-bit,Windows-10-10.0.26200-SP0,3.11.9,2.11.0+cu128
project1_training_curves,a-b,yes,chorale_lstm,LSTM,16,0.8858792217154252,0.8881268978118897,0.7623445272445679,selected comparable training history,,2026,runs\chorale_lstm\metrics.csv,src/chorale/plot_results.py,python -m chorale.plot_results,2026-07-05T22:35:50,NVIDIA GeForce RTX 4060 Ti 16GB; Intel i5-12400F; 16GB RAM; Windows 11 Professional 64-bit,Windows-10-10.0.26200-SP0,3.11.9,2.11.0+cu128
project1_training_curves,a-b,yes,chorale_lstm,LSTM,17,0.8771366994631918,0.8681987762451172,0.7620792627334595,selected comparable training history,,2026,runs\chorale_lstm\metrics.csv,src/chorale/plot_results.py,python -m chorale.plot_results,2026-07-05T22:35:50,NVIDIA GeForce RTX 4060 Ti 16GB; Intel i5-12400F; 16GB RAM; Windows 11 Professional 64-bit,Windows-10-10.0.26200-SP0,3.11.9,2.11.0+cu128
project1_training_curves,a-b,yes,chorale_lstm,LSTM,18,0.8545353240088412,0.8588472843170166,0.7662792205810547,selected comparable training history,,2026,runs\chorale_lstm\metrics.csv,src/chorale/plot_results.py,python -m chorale.plot_results,2026-07-05T22:35:50,NVIDIA GeForce RTX 4060 Ti 16GB; Intel i5-12400F; 16GB RAM; Windows 11 Professional 64-bit,Windows-10-10.0.26200-SP0,3.11.9,2.11.0+cu128
project1_training_curves,a-b,yes,chorale_lstm,LSTM,19,0.8506441728064889,0.8418662905693054,0.7675073146820068,selected comparable training history,,2026,runs\chorale_lstm\metrics.csv,src/chorale/plot_results.py,python -m chorale.plot_results,2026-07-05T22:35:50,NVIDIA GeForce RTX 4060 Ti 16GB; Intel i5-12400F; 16GB RAM; Windows 11 Professional 64-bit,Windows-10-10.0.26200-SP0,3.11.9,2.11.0+cu128
project1_training_curves,a-b,yes,chorale_lstm,LSTM,20,0.8334068781451175,0.834766173362732,0.7660075664520264,selected comparable training history,,2026,runs\chorale_lstm\metrics.csv,src/chorale/plot_results.py,python -m chorale.plot_results,2026-07-05T22:35:50,NVIDIA GeForce RTX 4060 Ti 16GB; Intel i5-12400F; 16GB RAM; Windows 11 Professional 64-bit,Windows-10-10.0.26200-SP0,3.11.9,2.11.0+cu128
project1_training_curves,a-b,yes,chorale_lstm,LSTM,21,0.8139266716806512,0.8138013005256652,0.7719998121261596,selected comparable training history,,2026,runs\chorale_lstm\metrics.csv,src/chorale/plot_results.py,python -m chorale.plot_results,2026-07-05T22:35:50,NVIDIA GeForce RTX 4060 Ti 16GB; Intel i5-12400F; 16GB RAM; Windows 11 Professional 64-bit,Windows-10-10.0.26200-SP0,3.11.9,2.11.0+cu128
project1_training_curves,a-b,yes,chorale_lstm,LSTM,22,0.8012881796610983,0.8057101607322693,0.7709840297698974,selected comparable training history,,2026,runs\chorale_lstm\metrics.csv,src/chorale/plot_results.py,python -m chorale.plot_results,2026-07-05T22:35:50,NVIDIA GeForce RTX 4060 Ti 16GB; Intel i5-12400F; 16GB RAM; Windows 11 Professional 64-bit,Windows-10-10.0.26200-SP0,3.11.9,2.11.0+cu128
project1_training_curves,a-b,yes,chorale_lstm,LSTM,23,0.7877081695355868,0.786350405216217,0.7787576079368591,selected comparable training history,,2026,runs\chorale_lstm\metrics.csv,src/chorale/plot_results.py,python -m chorale.plot_results,2026-07-05T22:35:50,NVIDIA GeForce RTX 4060 Ti 16GB; Intel i5-12400F; 16GB RAM; Windows 11 Professional 64-bit,Windows-10-10.0.26200-SP0,3.11.9,2.11.0+cu128
project1_training_curves,a-b,yes,chorale_lstm,LSTM,24,0.7775857574061343,0.780020821094513,0.7780105710029602,selected comparable training history,,2026,runs\chorale_lstm\metrics.csv,src/chorale/plot_results.py,python -m chorale.plot_results,2026-07-05T22:35:50,NVIDIA GeForce RTX 4060 Ti 16GB; Intel i5-12400F; 16GB RAM; Windows 11 Professional 64-bit,Windows-10-10.0.26200-SP0,3.11.9,2.11.0+cu128
project1_training_curves,a-b,yes,chorale_lstm,LSTM,25,0.7800725306335249,0.7747671008110046,0.777531373500824,selected comparable training history,,2026,runs\chorale_lstm\metrics.csv,src/chorale/plot_results.py,python -m chorale.plot_results,2026-07-05T22:35:50,NVIDIA GeForce RTX 4060 Ti 16GB; Intel i5-12400F; 16GB RAM; Windows 11 Professional 64-bit,Windows-10-10.0.26200-SP0,3.11.9,2.11.0+cu128
project1_training_curves,a-b,yes,chorale_lstm,LSTM,26,0.7649835191274944,0.7705203652381897,0.7792353153228759,selected comparable training history,,2026,runs\chorale_lstm\metrics.csv,src/chorale/plot_results.py,python -m chorale.plot_results,2026-07-05T22:35:50,NVIDIA GeForce RTX 4060 Ti 16GB; Intel i5-12400F; 16GB RAM; Windows 11 Professional 64-bit,Windows-10-10.0.26200-SP0,3.11.9,2.11.0+cu128
project1_training_curves,a-b,yes,chorale_lstm,LSTM,27,0.7550327056332639,0.7647592067718506,0.7811274051666259,selected comparable training history,,2026,runs\chorale_lstm\metrics.csv,src/chorale/plot_results.py,python -m chorale.plot_results,2026-07-05T22:35:50,NVIDIA GeForce RTX 4060 Ti 16GB; Intel i5-12400F; 16GB RAM; Windows 11 Professional 64-bit,Windows-10-10.0.26200-SP0,3.11.9,2.11.0+cu128
project1_training_curves,a-b,yes,chorale_lstm,LSTM,28,0.7557087164176138,0.7741918802261353,0.7754195809364319,selected comparable training history,,2026,runs\chorale_lstm\metrics.csv,src/chorale/plot_results.py,python -m chorale.plot_results,2026-07-05T22:35:50,NVIDIA GeForce RTX 4060 Ti 16GB; Intel i5-12400F; 16GB RAM; Windows 11 Professional 64-bit,Windows-10-10.0.26200-SP0,3.11.9,2.11.0+cu128
project1_training_curves,a-b,yes,chorale_lstm,LSTM,29,0.7494596729153081,0.7586339235305786,0.7809347152709961,selected comparable training history,,2026,runs\chorale_lstm\metrics.csv,src/chorale/plot_results.py,python -m chorale.plot_results,2026-07-05T22:35:50,NVIDIA GeForce RTX 4060 Ti 16GB; Intel i5-12400F; 16GB RAM; Windows 11 Professional 64-bit,Windows-10-10.0.26200-SP0,3.11.9,2.11.0+cu128
project1_training_curves,a-b,yes,chorale_lstm,LSTM,30,0.7388733186219868,0.7474069118499755,0.7830715298652648,selected comparable training history,,2026,runs\chorale_lstm\metrics.csv,src/chorale/plot_results.py,python -m chorale.plot_results,2026-07-05T22:35:50,NVIDIA GeForce RTX 4060 Ti 16GB; Intel i5-12400F; 16GB RAM; Windows 11 Professional 64-bit,Windows-10-10.0.26200-SP0,3.11.9,2.11.0+cu128
project1_training_curves,a-b,yes,chorale_lstm,LSTM,31,0.7378339030240711,0.7510244846343994,0.7805068254470825,selected comparable training history,,2026,runs\chorale_lstm\metrics.csv,src/chorale/plot_results.py,python -m chorale.plot_results,2026-07-05T22:35:50,NVIDIA GeForce RTX 4060 Ti 16GB; Intel i5-12400F; 16GB RAM; Windows 11 Professional 64-bit,Windows-10-10.0.26200-SP0,3.11.9,2.11.0+cu128
project1_training_curves,a-b,yes,chorale_lstm,LSTM,32,0.7363958233281186,0.7418787240982055,0.7856607675552368,selected comparable training history,,2026,runs\chorale_lstm\metrics.csv,src/chorale/plot_results.py,python -m chorale.plot_results,2026-07-05T22:35:50,NVIDIA GeForce RTX 4060 Ti 16GB; Intel i5-12400F; 16GB RAM; Windows 11 Professional 64-bit,Windows-10-10.0.26200-SP0,3.11.9,2.11.0+cu128
project1_training_curves,a-b,yes,chorale_lstm,LSTM,33,0.7276867596726668,0.738313364982605,0.7848721981048584,selected comparable training history,,2026,runs\chorale_lstm\metrics.csv,src/chorale/plot_results.py,python -m chorale.plot_results,2026-07-05T22:35:50,NVIDIA GeForce RTX 4060 Ti 16GB; Intel i5-12400F; 16GB RAM; Windows 11 Professional 64-bit,Windows-10-10.0.26200-SP0,3.11.9,2.11.0+cu128
project1_training_curves,a-b,yes,chorale_lstm,LSTM,34,0.7196489337243532,0.7460456490516663,0.7817439794540405,selected comparable training history,,2026,runs\chorale_lstm\metrics.csv,src/chorale/plot_results.py,python -m chorale.plot_results,2026-07-05T22:35:50,NVIDIA GeForce RTX 4060 Ti 16GB; Intel i5-12400F; 16GB RAM; Windows 11 Professional 64-bit,Windows-10-10.0.26200-SP0,3.11.9,2.11.0+cu128
project1_training_curves,a-b,yes,chorale_lstm,LSTM,35,0.7231209121252361,0.7291763901710511,0.7858776211738586,selected comparable training history,,2026,runs\chorale_lstm\metrics.csv,src/chorale/plot_results.py,python -m chorale.plot_results,2026-07-05T22:35:50,NVIDIA GeForce RTX 4060 Ti 16GB; Intel i5-12400F; 16GB RAM; Windows 11 Professional 64-bit,Windows-10-10.0.26200-SP0,3.11.9,2.11.0+cu128
project1_training_curves,a-b,yes,chorale_lstm,LSTM,36,0.709473624041206,0.728102445602417,0.785649585723877,selected comparable training history,,2026,runs\chorale_lstm\metrics.csv,src/chorale/plot_results.py,python -m chorale.plot_results,2026-07-05T22:35:50,NVIDIA GeForce RTX 4060 Ti 16GB; Intel i5-12400F; 16GB RAM; Windows 11 Professional 64-bit,Windows-10-10.0.26200-SP0,3.11.9,2.11.0+cu128
project1_training_curves,a-b,yes,chorale_lstm,LSTM,37,0.711095675041801,0.7243834972381592,0.7869477868080139,selected comparable training history,,2026,runs\chorale_lstm\metrics.csv,src/chorale/plot_results.py,python -m chorale.plot_results,2026-07-05T22:35:50,NVIDIA GeForce RTX 4060 Ti 16GB; Intel i5-12400F; 16GB RAM; Windows 11 Professional 64-bit,Windows-10-10.0.26200-SP0,3.11.9,2.11.0+cu128
project1_training_curves,a-b,yes,chorale_lstm,LSTM,38,0.7106102830485294,0.7252777934074401,0.7881395101547242,selected comparable training history,,2026,runs\chorale_lstm\metrics.csv,src/chorale/plot_results.py,python -m chorale.plot_results,2026-07-05T22:35:50,NVIDIA GeForce RTX 4060 Ti 16GB; Intel i5-12400F; 16GB RAM; Windows 11 Professional 64-bit,Windows-10-10.0.26200-SP0,3.11.9,2.11.0+cu128
project1_training_curves,a-b,yes,chorale_lstm,LSTM,39,0.7020818277409202,0.7193791747093201,0.7882824182510376,selected comparable training history,,2026,runs\chorale_lstm\metrics.csv,src/chorale/plot_results.py,python -m chorale.plot_results,2026-07-05T22:35:50,NVIDIA GeForce RTX 4060 Ti 16GB; Intel i5-12400F; 16GB RAM; Windows 11 Professional 64-bit,Windows-10-10.0.26200-SP0,3.11.9,2.11.0+cu128
project1_training_curves,a-b,yes,chorale_lstm,LSTM,40,0.6964846739643499,0.715053653717041,0.7877587676048279,selected comparable training history,,2026,runs\chorale_lstm\metrics.csv,src/chorale/plot_results.py,python -m chorale.plot_results,2026-07-05T22:35:50,NVIDIA GeForce RTX 4060 Ti 16GB; Intel i5-12400F; 16GB RAM; Windows 11 Professional 64-bit,Windows-10-10.0.26200-SP0,3.11.9,2.11.0+cu128
project1_training_curves,a-b,yes,chorale_lstm,LSTM,41,0.6934134975859993,0.7144416689872741,0.7890760779380799,selected comparable training history,,2026,runs\chorale_lstm\metrics.csv,src/chorale/plot_results.py,python -m chorale.plot_results,2026-07-05T22:35:50,NVIDIA GeForce RTX 4060 Ti 16GB; Intel i5-12400F; 16GB RAM; Windows 11 Professional 64-bit,Windows-10-10.0.26200-SP0,3.11.9,2.11.0+cu128
project1_training_curves,a-b,yes,chorale_lstm,LSTM,42,0.6912208842603784,0.7103270888328552,0.789644968509674,selected comparable training history,,2026,runs\chorale_lstm\metrics.csv,src/chorale/plot_results.py,python -m chorale.plot_results,2026-07-05T22:35:50,NVIDIA GeForce RTX 4060 Ti 16GB; Intel i5-12400F; 16GB RAM; Windows 11 Professional 64-bit,Windows-10-10.0.26200-SP0,3.11.9,2.11.0+cu128
project1_training_curves,a-b,yes,chorale_lstm,LSTM,43,0.6917925508398759,0.7133551359176635,0.790702760219574,selected comparable training history,,2026,runs\chorale_lstm\metrics.csv,src/chorale/plot_results.py,python -m chorale.plot_results,2026-07-05T22:35:50,NVIDIA GeForce RTX 4060 Ti 16GB; Intel i5-12400F; 16GB RAM; Windows 11 Professional 64-bit,Windows-10-10.0.26200-SP0,3.11.9,2.11.0+cu128
project1_training_curves,a-b,yes,chorale_lstm,LSTM,44,0.681820588676553,0.706810736656189,0.7921675682067871,selected comparable training history,,2026,runs\chorale_lstm\metrics.csv,src/chorale/plot_results.py,python -m chorale.plot_results,2026-07-05T22:35:50,NVIDIA GeForce RTX 4060 Ti 16GB; Intel i5-12400F; 16GB RAM; Windows 11 Professional 64-bit,Windows-10-10.0.26200-SP0,3.11.9,2.11.0+cu128
project1_training_curves,a-b,yes,chorale_lstm,LSTM,45,0.6800689901176252,0.7046102643013,0.7916523694992066,selected comparable training history,,2026,runs\chorale_lstm\metrics.csv,src/chorale/plot_results.py,python -m chorale.plot_results,2026-07-05T22:35:50,NVIDIA GeForce RTX 4060 Ti 16GB; Intel i5-12400F; 16GB RAM; Windows 11 Professional 64-bit,Windows-10-10.0.26200-SP0,3.11.9,2.11.0+cu128
project1_training_curves,a-b,yes,chorale_lstm,LSTM,46,0.6827856694397173,0.702191162109375,0.791286563873291,selected comparable training history,,2026,runs\chorale_lstm\metrics.csv,src/chorale/plot_results.py,python -m chorale.plot_results,2026-07-05T22:35:50,NVIDIA GeForce RTX 4060 Ti 16GB; Intel i5-12400F; 16GB RAM; Windows 11 Professional 64-bit,Windows-10-10.0.26200-SP0,3.11.9,2.11.0+cu128
project1_training_curves,a-b,yes,chorale_lstm,LSTM,47,0.6791423418019947,0.7036091446876526,0.7911196112632751,selected comparable training history,,2026,runs\chorale_lstm\metrics.csv,src/chorale/plot_results.py,python -m chorale.plot_results,2026-07-05T22:35:50,NVIDIA GeForce RTX 4060 Ti 16GB; Intel i5-12400F; 16GB RAM; Windows 11 Professional 64-bit,Windows-10-10.0.26200-SP0,3.11.9,2.11.0+cu128
project1_training_curves,a-b,yes,chorale_lstm,LSTM,48,0.6683279824884314,0.697227168083191,0.7916693925857544,selected comparable training history,,2026,runs\chorale_lstm\metrics.csv,src/chorale/plot_results.py,python -m chorale.plot_results,2026-07-05T22:35:50,NVIDIA GeForce RTX 4060 Ti 16GB; Intel i5-12400F; 16GB RAM; Windows 11 Professional 64-bit,Windows-10-10.0.26200-SP0,3.11.9,2.11.0+cu128
project1_training_curves,a-b,yes,chorale_lstm,LSTM,49,0.6664337970708546,0.6963566899299621,0.79216148853302,selected comparable training history,,2026,runs\chorale_lstm\metrics.csv,src/chorale/plot_results.py,python -m chorale.plot_results,2026-07-05T22:35:50,NVIDIA GeForce RTX 4060 Ti 16GB; Intel i5-12400F; 16GB RAM; Windows 11 Professional 64-bit,Windows-10-10.0.26200-SP0,3.11.9,2.11.0+cu128
project1_training_curves,a-b,yes,chorale_lstm,LSTM,50,0.6603646184268751,0.6982566356658936,0.7900484204292297,selected comparable training history,,2026,runs\chorale_lstm\metrics.csv,src/chorale/plot_results.py,python -m chorale.plot_results,2026-07-05T22:35:50,NVIDIA GeForce RTX 4060 Ti 16GB; Intel i5-12400F; 16GB RAM; Windows 11 Professional 64-bit,Windows-10-10.0.26200-SP0,3.11.9,2.11.0+cu128
project1_training_curves,a-b,yes,chorale_transformer_no_constraints,Vanilla,1,1.5056625008583069,1.0145196676254273,0.7477596163749695,selected comparable training history,,2026,runs\chorale_transformer_no_constraints\metrics.csv,src/chorale/plot_results.py,python -m chorale.plot_results,2026-07-05T22:35:50,NVIDIA GeForce RTX 4060 Ti 16GB; Intel i5-12400F; 16GB RAM; Windows 11 Professional 64-bit,Windows-10-10.0.26200-SP0,3.11.9,2.11.0+cu128
project1_training_curves,a-b,yes,chorale_transformer_no_constraints,Vanilla,2,0.966898794236936,0.904896593093872,0.7588873267173767,selected comparable training history,,2026,runs\chorale_transformer_no_constraints\metrics.csv,src/chorale/plot_results.py,python -m chorale.plot_results,2026-07-05T22:35:50,NVIDIA GeForce RTX 4060 Ti 16GB; Intel i5-12400F; 16GB RAM; Windows 11 Professional 64-bit,Windows-10-10.0.26200-SP0,3.11.9,2.11.0+cu128
project1_training_curves,a-b,yes,chorale_transformer_no_constraints,Vanilla,3,0.889221097293653,0.9208232164382935,0.7578229665756225,selected comparable training history,,2026,runs\chorale_transformer_no_constraints\metrics.csv,src/chorale/plot_results.py,python -m chorale.plot_results,2026-07-05T22:35:50,NVIDIA GeForce RTX 4060 Ti 16GB; Intel i5-12400F; 16GB RAM; Windows 11 Professional 64-bit,Windows-10-10.0.26200-SP0,3.11.9,2.11.0+cu128
project1_training_curves,a-b,yes,chorale_transformer_no_constraints,Vanilla,4,0.8600170769189533,0.8713910937309265,0.7599299311637878,selected comparable training history,,2026,runs\chorale_transformer_no_constraints\metrics.csv,src/chorale/plot_results.py,python -m chorale.plot_results,2026-07-05T22:35:50,NVIDIA GeForce RTX 4060 Ti 16GB; Intel i5-12400F; 16GB RAM; Windows 11 Professional 64-bit,Windows-10-10.0.26200-SP0,3.11.9,2.11.0+cu128
project1_training_curves,a-b,yes,chorale_transformer_no_constraints,Vanilla,5,0.818422544943659,0.836284053325653,0.7699355244636535,selected comparable training history,,2026,runs\chorale_transformer_no_constraints\metrics.csv,src/chorale/plot_results.py,python -m chorale.plot_results,2026-07-05T22:35:50,NVIDIA GeForce RTX 4060 Ti 16GB; Intel i5-12400F; 16GB RAM; Windows 11 Professional 64-bit,Windows-10-10.0.26200-SP0,3.11.9,2.11.0+cu128
project1_training_curves,a-b,yes,chorale_transformer_no_constraints,Vanilla,6,0.8034764920410357,0.8425218939781189,0.7730808019638061,selected comparable training history,,2026,runs\chorale_transformer_no_constraints\metrics.csv,src/chorale/plot_results.py,python -m chorale.plot_results,2026-07-05T22:35:50,NVIDIA GeForce RTX 4060 Ti 16GB; Intel i5-12400F; 16GB RAM; Windows 11 Professional 64-bit,Windows-10-10.0.26200-SP0,3.11.9,2.11.0+cu128
project1_training_curves,a-b,yes,chorale_transformer_no_constraints,Vanilla,7,0.7915383922426324,0.8305116534233093,0.7729963302612305,selected comparable training history,,2026,runs\chorale_transformer_no_constraints\metrics.csv,src/chorale/plot_results.py,python -m chorale.plot_results,2026-07-05T22:35:50,NVIDIA GeForce RTX 4060 Ti 16GB; Intel i5-12400F; 16GB RAM; Windows 11 Professional 64-bit,Windows-10-10.0.26200-SP0,3.11.9,2.11.0+cu128
project1_training_curves,a-b,yes,chorale_transformer_no_constraints,Vanilla,8,0.7670202396417919,0.8227097988128662,0.7759321331977844,selected comparable training history,,2026,runs\chorale_transformer_no_constraints\metrics.csv,src/chorale/plot_results.py,python -m chorale.plot_results,2026-07-05T22:35:50,NVIDIA GeForce RTX 4060 Ti 16GB; Intel i5-12400F; 16GB RAM; Windows 11 Professional 64-bit,Windows-10-10.0.26200-SP0,3.11.9,2.11.0+cu128
project1_training_curves,a-b,yes,chorale_transformer_no_constraints,Vanilla,9,0.7484833206001081,0.8250092148780823,0.7748905897140503,selected comparable training history,,2026,runs\chorale_transformer_no_constraints\metrics.csv,src/chorale/plot_results.py,python -m chorale.plot_results,2026-07-05T22:35:50,NVIDIA GeForce RTX 4060 Ti 16GB; Intel i5-12400F; 16GB RAM; Windows 11 Professional 64-bit,Windows-10-10.0.26200-SP0,3.11.9,2.11.0+cu128
project1_training_curves,a-b,yes,chorale_transformer_no_constraints,Vanilla,10,0.7302996829936379,0.8104246020317077,0.7775670409202575,selected comparable training history,,2026,runs\chorale_transformer_no_constraints\metrics.csv,src/chorale/plot_results.py,python -m chorale.plot_results,2026-07-05T22:35:50,NVIDIA GeForce RTX 4060 Ti 16GB; Intel i5-12400F; 16GB RAM; Windows 11 Professional 64-bit,Windows-10-10.0.26200-SP0,3.11.9,2.11.0+cu128
project1_training_curves,a-b,yes,chorale_transformer_no_constraints,Vanilla,11,0.7154015977131692,0.7990688204765319,0.7793155908584595,selected comparable training history,,2026,runs\chorale_transformer_no_constraints\metrics.csv,src/chorale/plot_results.py,python -m chorale.plot_results,2026-07-05T22:35:50,NVIDIA GeForce RTX 4060 Ti 16GB; Intel i5-12400F; 16GB RAM; Windows 11 Professional 64-bit,Windows-10-10.0.26200-SP0,3.11.9,2.11.0+cu128
project1_training_curves,a-b,yes,chorale_transformer_no_constraints,Vanilla,12,0.6984290229646783,0.7939625024795532,0.7807137727737427,selected comparable training history,,2026,runs\chorale_transformer_no_constraints\metrics.csv,src/chorale/plot_results.py,python -m chorale.plot_results,2026-07-05T22:35:50,NVIDIA GeForce RTX 4060 Ti 16GB; Intel i5-12400F; 16GB RAM; Windows 11 Professional 64-bit,Windows-10-10.0.26200-SP0,3.11.9,2.11.0+cu128
project1_training_curves,a-b,yes,chorale_transformer_no_constraints,Vanilla,13,0.6800354452509629,0.8056424260139465,0.7754358410835266,selected comparable training history,,2026,runs\chorale_transformer_no_constraints\metrics.csv,src/chorale/plot_results.py,python -m chorale.plot_results,2026-07-05T22:35:50,NVIDIA GeForce RTX 4060 Ti 16GB; Intel i5-12400F; 16GB RAM; Windows 11 Professional 64-bit,Windows-10-10.0.26200-SP0,3.11.9,2.11.0+cu128
project1_training_curves,a-b,yes,chorale_transformer_no_constraints,Vanilla,14,0.6575515113378826,0.8107990741729736,0.7767834186553955,selected comparable training history,,2026,runs\chorale_transformer_no_constraints\metrics.csv,src/chorale/plot_results.py,python -m chorale.plot_results,2026-07-05T22:35:50,NVIDIA GeForce RTX 4060 Ti 16GB; Intel i5-12400F; 16GB RAM; Windows 11 Professional 64-bit,Windows-10-10.0.26200-SP0,3.11.9,2.11.0+cu128
project1_training_curves,a-b,yes,chorale_transformer_no_constraints,Vanilla,15,0.6320006988550487,0.7967766761779785,0.7802942752838135,selected comparable training history,,2026,runs\chorale_transformer_no_constraints\metrics.csv,src/chorale/plot_results.py,python -m chorale.plot_results,2026-07-05T22:35:50,NVIDIA GeForce RTX 4060 Ti 16GB; Intel i5-12400F; 16GB RAM; Windows 11 Professional 64-bit,Windows-10-10.0.26200-SP0,3.11.9,2.11.0+cu128
project1_training_curves,a-b,yes,chorale_transformer_no_constraints,Vanilla,16,0.6101331695129997,0.8193559765815734,0.7741185069084168,selected comparable training history,,2026,runs\chorale_transformer_no_constraints\metrics.csv,src/chorale/plot_results.py,python -m chorale.plot_results,2026-07-05T22:35:50,NVIDIA GeForce RTX 4060 Ti 16GB; Intel i5-12400F; 16GB RAM; Windows 11 Professional 64-bit,Windows-10-10.0.26200-SP0,3.11.9,2.11.0+cu128
project1_training_curves,a-b,yes,chorale_transformer_no_constraints,Vanilla,17,0.5912412930476038,0.8056127667427063,0.7822406053543091,selected comparable training history,,2026,runs\chorale_transformer_no_constraints\metrics.csv,src/chorale/plot_results.py,python -m chorale.plot_results,2026-07-05T22:35:50,NVIDIA GeForce RTX 4060 Ti 16GB; Intel i5-12400F; 16GB RAM; Windows 11 Professional 64-bit,Windows-10-10.0.26200-SP0,3.11.9,2.11.0+cu128
project1_training_curves,a-b,yes,chorale_transformer_no_constraints,Vanilla,18,0.5685965348231165,0.810860562324524,0.7833326578140258,selected comparable training history,,2026,runs\chorale_transformer_no_constraints\metrics.csv,src/chorale/plot_results.py,python -m chorale.plot_results,2026-07-05T22:35:50,NVIDIA GeForce RTX 4060 Ti 16GB; Intel i5-12400F; 16GB RAM; Windows 11 Professional 64-bit,Windows-10-10.0.26200-SP0,3.11.9,2.11.0+cu128
project1_training_curves,a-b,yes,chorale_transformer_no_constraints,Vanilla,19,0.5472970400985918,0.8250361323356629,0.7837854146957397,selected comparable training history,,2026,runs\chorale_transformer_no_constraints\metrics.csv,src/chorale/plot_results.py,python -m chorale.plot_results,2026-07-05T22:35:50,NVIDIA GeForce RTX 4060 Ti 16GB; Intel i5-12400F; 16GB RAM; Windows 11 Professional 64-bit,Windows-10-10.0.26200-SP0,3.11.9,2.11.0+cu128
project1_training_curves,a-b,yes,chorale_transformer_no_constraints,Vanilla,20,0.526184618473053,0.8337303519248962,0.780335533618927,selected comparable training history,,2026,runs\chorale_transformer_no_constraints\metrics.csv,src/chorale/plot_results.py,python -m chorale.plot_results,2026-07-05T22:35:50,NVIDIA GeForce RTX 4060 Ti 16GB; Intel i5-12400F; 16GB RAM; Windows 11 Professional 64-bit,Windows-10-10.0.26200-SP0,3.11.9,2.11.0+cu128
project1_training_curves,a-b,yes,chorale_transformer_no_constraints,Vanilla,21,0.5014674514532089,0.833102285861969,0.7797452211380005,selected comparable training history,,2026,runs\chorale_transformer_no_constraints\metrics.csv,src/chorale/plot_results.py,python -m chorale.plot_results,2026-07-05T22:35:50,NVIDIA GeForce RTX 4060 Ti 16GB; Intel i5-12400F; 16GB RAM; Windows 11 Professional 64-bit,Windows-10-10.0.26200-SP0,3.11.9,2.11.0+cu128
project1_training_curves,a-b,yes,chorale_transformer_no_constraints,Vanilla,22,0.4833547425897498,0.8468207597732544,0.7773279190063477,selected comparable training history,,2026,runs\chorale_transformer_no_constraints\metrics.csv,src/chorale/plot_results.py,python -m chorale.plot_results,2026-07-05T22:35:50,NVIDIA GeForce RTX 4060 Ti 16GB; Intel i5-12400F; 16GB RAM; Windows 11 Professional 64-bit,Windows-10-10.0.26200-SP0,3.11.9,2.11.0+cu128
project1_training_curves,a-b,yes,chorale_transformer_no_constraints,Vanilla,1,1.5056638152975785,1.0145196080207826,0.7477596163749695,selected comparable training history,,2026,runs\chorale_transformer_no_constraints\metrics.csv,src/chorale/plot_results.py,python -m chorale.plot_results,2026-07-05T22:35:50,NVIDIA GeForce RTX 4060 Ti 16GB; Intel i5-12400F; 16GB RAM; Windows 11 Professional 64-bit,Windows-10-10.0.26200-SP0,3.11.9,2.11.0+cu128
project1_training_curves,a-b,yes,chorale_transformer_no_constraints,Vanilla,2,0.9668916557964525,0.9048706650733948,0.7589331150054932,selected comparable training history,,2026,runs\chorale_transformer_no_constraints\metrics.csv,src/chorale/plot_results.py,python -m chorale.plot_results,2026-07-05T22:35:50,NVIDIA GeForce RTX 4060 Ti 16GB; Intel i5-12400F; 16GB RAM; Windows 11 Professional 64-bit,Windows-10-10.0.26200-SP0,3.11.9,2.11.0+cu128
project1_training_curves,a-b,yes,chorale_transformer_no_constraints,Vanilla,3,0.889212009153868,0.9208437681198121,0.7578229665756225,selected comparable training history,,2026,runs\chorale_transformer_no_constraints\metrics.csv,src/chorale/plot_results.py,python -m chorale.plot_results,2026-07-05T22:35:50,NVIDIA GeForce RTX 4060 Ti 16GB; Intel i5-12400F; 16GB RAM; Windows 11 Professional 64-bit,Windows-10-10.0.26200-SP0,3.11.9,2.11.0+cu128
project1_training_curves,a-b,yes,chorale_transformer_no_constraints,Vanilla,4,0.86002075358441,0.8715001821517945,0.7597774624824524,selected comparable training history,,2026,runs\chorale_transformer_no_constraints\metrics.csv,src/chorale/plot_results.py,python -m chorale.plot_results,2026-07-05T22:35:50,NVIDIA GeForce RTX 4060 Ti 16GB; Intel i5-12400F; 16GB RAM; Windows 11 Professional 64-bit,Windows-10-10.0.26200-SP0,3.11.9,2.11.0+cu128
project1_training_curves,a-b,yes,chorale_transformer_no_constraints,Vanilla,5,0.8184073128198323,0.8362788081169128,0.7699408650398254,selected comparable training history,,2026,runs\chorale_transformer_no_constraints\metrics.csv,src/chorale/plot_results.py,python -m chorale.plot_results,2026-07-05T22:35:50,NVIDIA GeForce RTX 4060 Ti 16GB; Intel i5-12400F; 16GB RAM; Windows 11 Professional 64-bit,Windows-10-10.0.26200-SP0,3.11.9,2.11.0+cu128
project1_training_curves,a-b,yes,chorale_transformer_no_constraints,Vanilla,6,0.8034556351209942,0.842714524269104,0.7731521964073181,selected comparable training history,,2026,runs\chorale_transformer_no_constraints\metrics.csv,src/chorale/plot_results.py,python -m chorale.plot_results,2026-07-05T22:35:50,NVIDIA GeForce RTX 4060 Ti 16GB; Intel i5-12400F; 16GB RAM; Windows 11 Professional 64-bit,Windows-10-10.0.26200-SP0,3.11.9,2.11.0+cu128
project1_training_curves,a-b,yes,chorale_transformer_no_constraints,Vanilla,7,0.7915402776316592,0.8305410027503968,0.7730037808418274,selected comparable training history,,2026,runs\chorale_transformer_no_constraints\metrics.csv,src/chorale/plot_results.py,python -m chorale.plot_results,2026-07-05T22:35:50,NVIDIA GeForce RTX 4060 Ti 16GB; Intel i5-12400F; 16GB RAM; Windows 11 Professional 64-bit,Windows-10-10.0.26200-SP0,3.11.9,2.11.0+cu128
project1_training_curves,a-b,yes,chorale_transformer_no_constraints,Vanilla,8,0.7670300649969202,0.8226070046424866,0.7760706305503845,selected comparable training history,,2026,runs\chorale_transformer_no_constraints\metrics.csv,src/chorale/plot_results.py,python -m chorale.plot_results,2026-07-05T22:35:50,NVIDIA GeForce RTX 4060 Ti 16GB; Intel i5-12400F; 16GB RAM; Windows 11 Professional 64-bit,Windows-10-10.0.26200-SP0,3.11.9,2.11.0+cu128
project1_training_curves,a-b,yes,chorale_transformer_no_constraints,Vanilla,9,0.748524358398036,0.824830150604248,0.7746868014335633,selected comparable training history,,2026,runs\chorale_transformer_no_constraints\metrics.csv,src/chorale/plot_results.py,python -m chorale.plot_results,2026-07-05T22:35:50,NVIDIA GeForce RTX 4060 Ti 16GB; Intel i5-12400F; 16GB RAM; Windows 11 Professional 64-bit,Windows-10-10.0.26200-SP0,3.11.9,2.11.0+cu128
project1_training_curves,a-b,yes,chorale_transformer_no_constraints,Vanilla,10,0.7302633382772145,0.8102310299873352,0.7771571755409241,selected comparable training history,,2026,runs\chorale_transformer_no_constraints\metrics.csv,src/chorale/plot_results.py,python -m chorale.plot_results,2026-07-05T22:35:50,NVIDIA GeForce RTX 4060 Ti 16GB; Intel i5-12400F; 16GB RAM; Windows 11 Professional 64-bit,Windows-10-10.0.26200-SP0,3.11.9,2.11.0+cu128
project1_training_curves,a-b,yes,chorale_transformer_no_constraints,Vanilla,11,0.7153017630702571,0.7991280794143677,0.7794186353683472,selected comparable training history,,2026,runs\chorale_transformer_no_constraints\metrics.csv,src/chorale/plot_results.py,python -m chorale.plot_results,2026-07-05T22:35:50,NVIDIA GeForce RTX 4060 Ti 16GB; Intel i5-12400F; 16GB RAM; Windows 11 Professional 64-bit,Windows-10-10.0.26200-SP0,3.11.9,2.11.0+cu128
project1_training_curves,a-b,yes,chorale_transformer_no_constraints,Vanilla,12,0.6983099124933544,0.7939048171043396,0.7805477857589722,selected comparable training history,,2026,runs\chorale_transformer_no_constraints\metrics.csv,src/chorale/plot_results.py,python -m chorale.plot_results,2026-07-05T22:35:50,NVIDIA GeForce RTX 4060 Ti 16GB; Intel i5-12400F; 16GB RAM; Windows 11 Professional 64-bit,Windows-10-10.0.26200-SP0,3.11.9,2.11.0+cu128
project1_training_curves,a-b,yes,chorale_transformer_no_constraints,Vanilla,13,0.6800116504493513,0.805446207523346,0.7755299568176269,selected comparable training history,,2026,runs\chorale_transformer_no_constraints\metrics.csv,src/chorale/plot_results.py,python -m chorale.plot_results,2026-07-05T22:35:50,NVIDIA GeForce RTX 4060 Ti 16GB; Intel i5-12400F; 16GB RAM; Windows 11 Professional 64-bit,Windows-10-10.0.26200-SP0,3.11.9,2.11.0+cu128
project1_training_curves,a-b,yes,chorale_transformer_no_constraints,Vanilla,14,0.6574893091854296,0.8104022860527038,0.7769411325454711,selected comparable training history,,2026,runs\chorale_transformer_no_constraints\metrics.csv,src/chorale/plot_results.py,python -m chorale.plot_results,2026-07-05T22:35:50,NVIDIA GeForce RTX 4060 Ti 16GB; Intel i5-12400F; 16GB RAM; Windows 11 Professional 64-bit,Windows-10-10.0.26200-SP0,3.11.9,2.11.0+cu128
project1_training_curves,a-b,yes,chorale_transformer_no_constraints,Vanilla,15,0.6319530606269836,0.7968545079231262,0.7802970170974731,selected comparable training history,,2026,runs\chorale_transformer_no_constraints\metrics.csv,src/chorale/plot_results.py,python -m chorale.plot_results,2026-07-05T22:35:50,NVIDIA GeForce RTX 4060 Ti 16GB; Intel i5-12400F; 16GB RAM; Windows 11 Professional 64-bit,Windows-10-10.0.26200-SP0,3.11.9,2.11.0+cu128
project1_training_curves,a-b,yes,chorale_transformer_no_constraints,Vanilla,16,0.6101132066626298,0.819512414932251,0.7740787029266357,selected comparable training history,,2026,runs\chorale_transformer_no_constraints\metrics.csv,src/chorale/plot_results.py,python -m chorale.plot_results,2026-07-05T22:35:50,NVIDIA GeForce RTX 4060 Ti 16GB; Intel i5-12400F; 16GB RAM; Windows 11 Professional 64-bit,Windows-10-10.0.26200-SP0,3.11.9,2.11.0+cu128
project1_training_curves,a-b,yes,chorale_transformer_no_constraints,Vanilla,17,0.5912022857289565,0.8056769847869873,0.7814585089683532,selected comparable training history,,2026,runs\chorale_transformer_no_constraints\metrics.csv,src/chorale/plot_results.py,python -m chorale.plot_results,2026-07-05T22:35:50,NVIDIA GeForce RTX 4060 Ti 16GB; Intel i5-12400F; 16GB RAM; Windows 11 Professional 64-bit,Windows-10-10.0.26200-SP0,3.11.9,2.11.0+cu128
project1_training_curves,a-b,yes,chorale_transformer_no_constraints,Vanilla,18,0.5685639883342543,0.8110721826553344,0.78317232131958,selected comparable training history,,2026,runs\chorale_transformer_no_constraints\metrics.csv,src/chorale/plot_results.py,python -m chorale.plot_results,2026-07-05T22:35:50,NVIDIA GeForce RTX 4060 Ti 16GB; Intel i5-12400F; 16GB RAM; Windows 11 Professional 64-bit,Windows-10-10.0.26200-SP0,3.11.9,2.11.0+cu128
project1_training_curves,a-b,yes,chorale_transformer_no_constraints,Vanilla,19,0.5471356644442207,0.8248170971870422,0.7835606813430787,selected comparable training history,,2026,runs\chorale_transformer_no_constraints\metrics.csv,src/chorale/plot_results.py,python -m chorale.plot_results,2026-07-05T22:35:50,NVIDIA GeForce RTX 4060 Ti 16GB; Intel i5-12400F; 16GB RAM; Windows 11 Professional 64-bit,Windows-10-10.0.26200-SP0,3.11.9,2.11.0+cu128
project1_training_curves,a-b,yes,chorale_transformer_no_constraints,Vanilla,20,0.5260171302055058,0.8334826946258544,0.7806001901626587,selected comparable training history,,2026,runs\chorale_transformer_no_constraints\metrics.csv,src/chorale/plot_results.py,python -m chorale.plot_results,2026-07-05T22:35:50,NVIDIA GeForce RTX 4060 Ti 16GB; Intel i5-12400F; 16GB RAM; Windows 11 Professional 64-bit,Windows-10-10.0.26200-SP0,3.11.9,2.11.0+cu128
project1_training_curves,a-b,yes,chorale_transformer_no_constraints,Vanilla,21,0.5015180573651665,0.8334550499916077,0.7793889999389648,selected comparable training history,,2026,runs\chorale_transformer_no_constraints\metrics.csv,src/chorale/plot_results.py,python -m chorale.plot_results,2026-07-05T22:35:50,NVIDIA GeForce RTX 4060 Ti 16GB; Intel i5-12400F; 16GB RAM; Windows 11 Professional 64-bit,Windows-10-10.0.26200-SP0,3.11.9,2.11.0+cu128
project1_training_curves,a-b,yes,chorale_transformer_no_constraints,Vanilla,22,0.48328477771658646,0.8468689799308777,0.7769542336463928,selected comparable training history,,2026,runs\chorale_transformer_no_constraints\metrics.csv,src/chorale/plot_results.py,python -m chorale.plot_results,2026-07-05T22:35:50,NVIDIA GeForce RTX 4060 Ti 16GB; Intel i5-12400F; 16GB RAM; Windows 11 Professional 64-bit,Windows-10-10.0.26200-SP0,3.11.9,2.11.0+cu128
project1_training_curves,a-b,yes,chorale_rule_guided_decoding,Proposed,1,1.3015272585969222,1.0269516706466675,0.7539950132369995,selected comparable training history,,2026,runs\chorale_rule_guided_decoding\metrics.csv,src/chorale/plot_results.py,python -m chorale.plot_results,2026-07-05T22:35:50,NVIDIA GeForce RTX 4060 Ti 16GB; Intel i5-12400F; 16GB RAM; Windows 11 Professional 64-bit,Windows-10-10.0.26200-SP0,3.11.9,2.11.0+cu128
project1_training_curves,a-b,yes,chorale_rule_guided_decoding,Proposed,2,0.9800729469249123,0.9055512428283692,0.7666510820388794,selected comparable training history,,2026,runs\chorale_rule_guided_decoding\metrics.csv,src/chorale/plot_results.py,python -m chorale.plot_results,2026-07-05T22:35:50,NVIDIA GeForce RTX 4060 Ti 16GB; Intel i5-12400F; 16GB RAM; Windows 11 Professional 64-bit,Windows-10-10.0.26200-SP0,3.11.9,2.11.0+cu128
project1_training_curves,a-b,yes,chorale_rule_guided_decoding,Proposed,3,0.8326853027469233,0.7924306511878967,0.799278199672699,selected comparable training history,,2026,runs\chorale_rule_guided_decoding\metrics.csv,src/chorale/plot_results.py,python -m chorale.plot_results,2026-07-05T22:35:50,NVIDIA GeForce RTX 4060 Ti 16GB; Intel i5-12400F; 16GB RAM; Windows 11 Professional 64-bit,Windows-10-10.0.26200-SP0,3.11.9,2.11.0+cu128
project1_training_curves,a-b,yes,chorale_rule_guided_decoding,Proposed,4,0.7344526225014737,0.7151667952537537,0.8062786340713501,selected comparable training history,,2026,runs\chorale_rule_guided_decoding\metrics.csv,src/chorale/plot_results.py,python -m chorale.plot_results,2026-07-05T22:35:50,NVIDIA GeForce RTX 4060 Ti 16GB; Intel i5-12400F; 16GB RAM; Windows 11 Professional 64-bit,Windows-10-10.0.26200-SP0,3.11.9,2.11.0+cu128
project1_training_curves,a-b,yes,chorale_rule_guided_decoding,Proposed,5,0.6814614416737306,0.6672319054603577,0.8154813051223755,selected comparable training history,,2026,runs\chorale_rule_guided_decoding\metrics.csv,src/chorale/plot_results.py,python -m chorale.plot_results,2026-07-05T22:35:50,NVIDIA GeForce RTX 4060 Ti 16GB; Intel i5-12400F; 16GB RAM; Windows 11 Professional 64-bit,Windows-10-10.0.26200-SP0,3.11.9,2.11.0+cu128
project1_training_curves,a-b,yes,chorale_rule_guided_decoding,Proposed,6,0.6389777468223321,0.6388434886932373,0.8198549270629882,selected comparable training history,,2026,runs\chorale_rule_guided_decoding\metrics.csv,src/chorale/plot_results.py,python -m chorale.plot_results,2026-07-05T22:35:50,NVIDIA GeForce RTX 4060 Ti 16GB; Intel i5-12400F; 16GB RAM; Windows 11 Professional 64-bit,Windows-10-10.0.26200-SP0,3.11.9,2.11.0+cu128
project1_training_curves,a-b,yes,chorale_rule_guided_decoding,Proposed,7,0.6108958078058142,0.631240165233612,0.8194359540939331,selected comparable training history,,2026,runs\chorale_rule_guided_decoding\metrics.csv,src/chorale/plot_results.py,python -m chorale.plot_results,2026-07-05T22:35:50,NVIDIA GeForce RTX 4060 Ti 16GB; Intel i5-12400F; 16GB RAM; Windows 11 Professional 64-bit,Windows-10-10.0.26200-SP0,3.11.9,2.11.0+cu128
project1_training_curves,a-b,yes,chorale_rule_guided_decoding,Proposed,8,0.5946621385059858,0.5907875299453735,0.8279588937759399,selected comparable training history,,2026,runs\chorale_rule_guided_decoding\metrics.csv,src/chorale/plot_results.py,python -m chorale.plot_results,2026-07-05T22:35:50,NVIDIA GeForce RTX 4060 Ti 16GB; Intel i5-12400F; 16GB RAM; Windows 11 Professional 64-bit,Windows-10-10.0.26200-SP0,3.11.9,2.11.0+cu128
project1_training_curves,a-b,yes,chorale_rule_guided_decoding,Proposed,9,0.5573017887378994,0.5663294315338134,0.8312033295631409,selected comparable training history,,2026,runs\chorale_rule_guided_decoding\metrics.csv,src/chorale/plot_results.py,python -m chorale.plot_results,2026-07-05T22:35:50,NVIDIA GeForce RTX 4060 Ti 16GB; Intel i5-12400F; 16GB RAM; Windows 11 Professional 64-bit,Windows-10-10.0.26200-SP0,3.11.9,2.11.0+cu128
project1_training_curves,a-b,yes,chorale_rule_guided_decoding,Proposed,10,0.5334700134239698,0.5631106853485107,0.8283602952957153,selected comparable training history,,2026,runs\chorale_rule_guided_decoding\metrics.csv,src/chorale/plot_results.py,python -m chorale.plot_results,2026-07-05T22:35:50,NVIDIA GeForce RTX 4060 Ti 16GB; Intel i5-12400F; 16GB RAM; Windows 11 Professional 64-bit,Windows-10-10.0.26200-SP0,3.11.9,2.11.0+cu128
project1_training_curves,a-b,yes,chorale_rule_guided_decoding,Proposed,11,0.5113034554217991,0.5302238881587982,0.8369569420814514,selected comparable training history,,2026,runs\chorale_rule_guided_decoding\metrics.csv,src/chorale/plot_results.py,python -m chorale.plot_results,2026-07-05T22:35:50,NVIDIA GeForce RTX 4060 Ti 16GB; Intel i5-12400F; 16GB RAM; Windows 11 Professional 64-bit,Windows-10-10.0.26200-SP0,3.11.9,2.11.0+cu128
project1_training_curves,a-b,yes,chorale_rule_guided_decoding,Proposed,12,0.4887078216201381,0.5225664556026459,0.8387814044952393,selected comparable training history,,2026,runs\chorale_rule_guided_decoding\metrics.csv,src/chorale/plot_results.py,python -m chorale.plot_results,2026-07-05T22:35:50,NVIDIA GeForce RTX 4060 Ti 16GB; Intel i5-12400F; 16GB RAM; Windows 11 Professional 64-bit,Windows-10-10.0.26200-SP0,3.11.9,2.11.0+cu128
project1_training_curves,a-b,yes,chorale_rule_guided_decoding,Proposed,13,0.46935665842733887,0.5177607476711273,0.8403045058250427,selected comparable training history,,2026,runs\chorale_rule_guided_decoding\metrics.csv,src/chorale/plot_results.py,python -m chorale.plot_results,2026-07-05T22:35:50,NVIDIA GeForce RTX 4060 Ti 16GB; Intel i5-12400F; 16GB RAM; Windows 11 Professional 64-bit,Windows-10-10.0.26200-SP0,3.11.9,2.11.0+cu128
project1_training_curves,a-b,yes,chorale_rule_guided_decoding,Proposed,14,0.4493022270892796,0.5167041897773743,0.8413988351821899,selected comparable training history,,2026,runs\chorale_rule_guided_decoding\metrics.csv,src/chorale/plot_results.py,python -m chorale.plot_results,2026-07-05T22:35:50,NVIDIA GeForce RTX 4060 Ti 16GB; Intel i5-12400F; 16GB RAM; Windows 11 Professional 64-bit,Windows-10-10.0.26200-SP0,3.11.9,2.11.0+cu128
project1_training_curves,a-b,yes,chorale_rule_guided_decoding,Proposed,15,0.43401119112968445,0.5223819375038147,0.8366338014602661,selected comparable training history,,2026,runs\chorale_rule_guided_decoding\metrics.csv,src/chorale/plot_results.py,python -m chorale.plot_results,2026-07-05T22:35:50,NVIDIA GeForce RTX 4060 Ti 16GB; Intel i5-12400F; 16GB RAM; Windows 11 Professional 64-bit,Windows-10-10.0.26200-SP0,3.11.9,2.11.0+cu128
project1_training_curves,a-b,yes,chorale_rule_guided_decoding,Proposed,16,0.41684384487177195,0.5030342161655426,0.8426673889160157,selected comparable training history,,2026,runs\chorale_rule_guided_decoding\metrics.csv,src/chorale/plot_results.py,python -m chorale.plot_results,2026-07-05T22:35:50,NVIDIA GeForce RTX 4060 Ti 16GB; Intel i5-12400F; 16GB RAM; Windows 11 Professional 64-bit,Windows-10-10.0.26200-SP0,3.11.9,2.11.0+cu128
project1_training_curves,a-b,yes,chorale_rule_guided_decoding,Proposed,17,0.39303068973516164,0.5224644422531128,0.8374741554260254,selected comparable training history,,2026,runs\chorale_rule_guided_decoding\metrics.csv,src/chorale/plot_results.py,python -m chorale.plot_results,2026-07-05T22:35:50,NVIDIA GeForce RTX 4060 Ti 16GB; Intel i5-12400F; 16GB RAM; Windows 11 Professional 64-bit,Windows-10-10.0.26200-SP0,3.11.9,2.11.0+cu128
project1_training_curves,a-b,yes,chorale_rule_guided_decoding,Proposed,18,0.37636759720350565,0.5055816948413849,0.844054639339447,selected comparable training history,,2026,runs\chorale_rule_guided_decoding\metrics.csv,src/chorale/plot_results.py,python -m chorale.plot_results,2026-07-05T22:35:50,NVIDIA GeForce RTX 4060 Ti 16GB; Intel i5-12400F; 16GB RAM; Windows 11 Professional 64-bit,Windows-10-10.0.26200-SP0,3.11.9,2.11.0+cu128
project1_training_curves,a-b,yes,chorale_rule_guided_decoding,Proposed,19,0.3577751195744464,0.5146535873413086,0.8416070580482483,selected comparable training history,,2026,runs\chorale_rule_guided_decoding\metrics.csv,src/chorale/plot_results.py,python -m chorale.plot_results,2026-07-05T22:35:50,NVIDIA GeForce RTX 4060 Ti 16GB; Intel i5-12400F; 16GB RAM; Windows 11 Professional 64-bit,Windows-10-10.0.26200-SP0,3.11.9,2.11.0+cu128
project1_training_curves,a-b,yes,chorale_rule_guided_decoding,Proposed,20,0.3325219860202388,0.532510244846344,0.8377302646636963,selected comparable training history,,2026,runs\chorale_rule_guided_decoding\metrics.csv,src/chorale/plot_results.py,python -m chorale.plot_results,2026-07-05T22:35:50,NVIDIA GeForce RTX 4060 Ti 16GB; Intel i5-12400F; 16GB RAM; Windows 11 Professional 64-bit,Windows-10-10.0.26200-SP0,3.11.9,2.11.0+cu128
project1_training_curves,a-b,yes,chorale_rule_guided_decoding,Proposed,21,0.32338264035551173,0.5245444715023041,0.844841194152832,selected comparable training history,,2026,runs\chorale_rule_guided_decoding\metrics.csv,src/chorale/plot_results.py,python -m chorale.plot_results,2026-07-05T22:35:50,NVIDIA GeForce RTX 4060 Ti 16GB; Intel i5-12400F; 16GB RAM; Windows 11 Professional 64-bit,Windows-10-10.0.26200-SP0,3.11.9,2.11.0+cu128
project1_training_curves,a-b,yes,chorale_rule_guided_decoding,Proposed,22,0.298901142650529,0.5337073981761933,0.8430657148361206,selected comparable training history,,2026,runs\chorale_rule_guided_decoding\metrics.csv,src/chorale/plot_results.py,python -m chorale.plot_results,2026-07-05T22:35:50,NVIDIA GeForce RTX 4060 Ti 16GB; Intel i5-12400F; 16GB RAM; Windows 11 Professional 64-bit,Windows-10-10.0.26200-SP0,3.11.9,2.11.0+cu128
project1_training_curves,a-b,yes,chorale_rule_guided_decoding,Proposed,23,0.28144702158476176,0.5393193125724792,0.8439919233322144,selected comparable training history,,2026,runs\chorale_rule_guided_decoding\metrics.csv,src/chorale/plot_results.py,python -m chorale.plot_results,2026-07-05T22:35:50,NVIDIA GeForce RTX 4060 Ti 16GB; Intel i5-12400F; 16GB RAM; Windows 11 Professional 64-bit,Windows-10-10.0.26200-SP0,3.11.9,2.11.0+cu128
project1_training_curves,a-b,yes,chorale_rule_guided_decoding,Proposed,24,0.26366127243167475,0.5564991354942321,0.8443330645561218,selected comparable training history,,2026,runs\chorale_rule_guided_decoding\metrics.csv,src/chorale/plot_results.py,python -m chorale.plot_results,2026-07-05T22:35:50,NVIDIA GeForce RTX 4060 Ti 16GB; Intel i5-12400F; 16GB RAM; Windows 11 Professional 64-bit,Windows-10-10.0.26200-SP0,3.11.9,2.11.0+cu128
project1_training_curves,a-b,yes,chorale_rule_guided_decoding,Proposed,25,0.25197835933221013,0.5494149684906006,0.8439808487892151,selected comparable training history,,2026,runs\chorale_rule_guided_decoding\metrics.csv,src/chorale/plot_results.py,python -m chorale.plot_results,2026-07-05T22:35:50,NVIDIA GeForce RTX 4060 Ti 16GB; Intel i5-12400F; 16GB RAM; Windows 11 Professional 64-bit,Windows-10-10.0.26200-SP0,3.11.9,2.11.0+cu128
project1_training_curves,a-b,yes,chorale_rule_guided_decoding,Proposed,26,0.22679930964582845,0.575284767150879,0.8462279558181762,selected comparable training history,,2026,runs\chorale_rule_guided_decoding\metrics.csv,src/chorale/plot_results.py,python -m chorale.plot_results,2026-07-05T22:35:50,NVIDIA GeForce RTX 4060 Ti 16GB; Intel i5-12400F; 16GB RAM; Windows 11 Professional 64-bit,Windows-10-10.0.26200-SP0,3.11.9,2.11.0+cu128
project1_training_curves,a-b,yes,chorale_rule_guided_decoding,Proposed,1,1.2849838231739246,1.0268797874450684,0.7368430495262146,selected comparable training history,,2026,runs\chorale_rule_guided_decoding\metrics.csv,src/chorale/plot_results.py,python -m chorale.plot_results,2026-07-05T22:35:50,NVIDIA GeForce RTX 4060 Ti 16GB; Intel i5-12400F; 16GB RAM; Windows 11 Professional 64-bit,Windows-10-10.0.26200-SP0,3.11.9,2.11.0+cu128
project1_training_curves,a-b,yes,chorale_rule_guided_decoding,Proposed,2,0.9659437756789359,0.8801116466522216,0.7782761216163635,selected comparable training history,,2026,runs\chorale_rule_guided_decoding\metrics.csv,src/chorale/plot_results.py,python -m chorale.plot_results,2026-07-05T22:35:50,NVIDIA GeForce RTX 4060 Ti 16GB; Intel i5-12400F; 16GB RAM; Windows 11 Professional 64-bit,Windows-10-10.0.26200-SP0,3.11.9,2.11.0+cu128
project1_training_curves,a-b,yes,chorale_rule_guided_decoding,Proposed,3,0.8142059649291792,0.750236427783966,0.8009343385696411,selected comparable training history,,2026,runs\chorale_rule_guided_decoding\metrics.csv,src/chorale/plot_results.py,python -m chorale.plot_results,2026-07-05T22:35:50,NVIDIA GeForce RTX 4060 Ti 16GB; Intel i5-12400F; 16GB RAM; Windows 11 Professional 64-bit,Windows-10-10.0.26200-SP0,3.11.9,2.11.0+cu128
project1_training_curves,a-b,yes,chorale_rule_guided_decoding,Proposed,4,0.7129101188559281,0.6767057061195374,0.8117245316505433,selected comparable training history,,2026,runs\chorale_rule_guided_decoding\metrics.csv,src/chorale/plot_results.py,python -m chorale.plot_results,2026-07-05T22:35:50,NVIDIA GeForce RTX 4060 Ti 16GB; Intel i5-12400F; 16GB RAM; Windows 11 Professional 64-bit,Windows-10-10.0.26200-SP0,3.11.9,2.11.0+cu128
project1_training_curves,a-b,yes,chorale_rule_guided_decoding,Proposed,5,0.6604592894252977,0.6633912563323975,0.8143059372901916,selected comparable training history,,2026,runs\chorale_rule_guided_decoding\metrics.csv,src/chorale/plot_results.py,python -m chorale.plot_results,2026-07-05T22:35:50,NVIDIA GeForce RTX 4060 Ti 16GB; Intel i5-12400F; 16GB RAM; Windows 11 Professional 64-bit,Windows-10-10.0.26200-SP0,3.11.9,2.11.0+cu128
project1_training_curves,a-b,yes,chorale_rule_guided_decoding,Proposed,6,0.6404114569488325,0.638661003112793,0.8162630081176758,selected comparable training history,,2026,runs\chorale_rule_guided_decoding\metrics.csv,src/chorale/plot_results.py,python -m chorale.plot_results,2026-07-05T22:35:50,NVIDIA GeForce RTX 4060 Ti 16GB; Intel i5-12400F; 16GB RAM; Windows 11 Professional 64-bit,Windows-10-10.0.26200-SP0,3.11.9,2.11.0+cu128
project1_training_curves,a-b,yes,chorale_rule_guided_decoding,Proposed,7,0.602880386929763,0.5862396121025085,0.8289106130599976,selected comparable training history,,2026,runs\chorale_rule_guided_decoding\metrics.csv,src/chorale/plot_results.py,python -m chorale.plot_results,2026-07-05T22:35:50,NVIDIA GeForce RTX 4060 Ti 16GB; Intel i5-12400F; 16GB RAM; Windows 11 Professional 64-bit,Windows-10-10.0.26200-SP0,3.11.9,2.11.0+cu128
project1_training_curves,a-b,yes,chorale_rule_guided_decoding,Proposed,8,0.568143072096925,0.5630965828895569,0.8313125014305115,selected comparable training history,,2026,runs\chorale_rule_guided_decoding\metrics.csv,src/chorale/plot_results.py,python -m chorale.plot_results,2026-07-05T22:35:50,NVIDIA GeForce RTX 4060 Ti 16GB; Intel i5-12400F; 16GB RAM; Windows 11 Professional 64-bit,Windows-10-10.0.26200-SP0,3.11.9,2.11.0+cu128
project1_training_curves,a-b,yes,chorale_rule_guided_decoding,Proposed,9,0.5441171519066158,0.5559429883956909,0.8310546517372132,selected comparable training history,,2026,runs\chorale_rule_guided_decoding\metrics.csv,src/chorale/plot_results.py,python -m chorale.plot_results,2026-07-05T22:35:50,NVIDIA GeForce RTX 4060 Ti 16GB; Intel i5-12400F; 16GB RAM; Windows 11 Professional 64-bit,Windows-10-10.0.26200-SP0,3.11.9,2.11.0+cu128
project1_training_curves,a-b,yes,chorale_rule_guided_decoding,Proposed,10,0.5253096865980249,0.5519432663917542,0.8298503756523132,selected comparable training history,,2026,runs\chorale_rule_guided_decoding\metrics.csv,src/chorale/plot_results.py,python -m chorale.plot_results,2026-07-05T22:35:50,NVIDIA GeForce RTX 4060 Ti 16GB; Intel i5-12400F; 16GB RAM; Windows 11 Professional 64-bit,Windows-10-10.0.26200-SP0,3.11.9,2.11.0+cu128
project1_training_curves,a-b,yes,chorale_rule_guided_decoding,Proposed,11,0.5038451826886127,0.5314744591712952,0.8377526044845581,selected comparable training history,,2026,runs\chorale_rule_guided_decoding\metrics.csv,src/chorale/plot_results.py,python -m chorale.plot_results,2026-07-05T22:35:50,NVIDIA GeForce RTX 4060 Ti 16GB; Intel i5-12400F; 16GB RAM; Windows 11 Professional 64-bit,Windows-10-10.0.26200-SP0,3.11.9,2.11.0+cu128
project1_training_curves,a-b,yes,chorale_rule_guided_decoding,Proposed,12,0.4880686684658653,0.5269869148731232,0.8377182483673096,selected comparable training history,,2026,runs\chorale_rule_guided_decoding\metrics.csv,src/chorale/plot_results.py,python -m chorale.plot_results,2026-07-05T22:35:50,NVIDIA GeForce RTX 4060 Ti 16GB; Intel i5-12400F; 16GB RAM; Windows 11 Professional 64-bit,Windows-10-10.0.26200-SP0,3.11.9,2.11.0+cu128
project1_training_curves,a-b,yes,chorale_rule_guided_decoding,Proposed,13,0.466893091013557,0.5199268102645874,0.8402896881103515,selected comparable training history,,2026,runs\chorale_rule_guided_decoding\metrics.csv,src/chorale/plot_results.py,python -m chorale.plot_results,2026-07-05T22:35:50,NVIDIA GeForce RTX 4060 Ti 16GB; Intel i5-12400F; 16GB RAM; Windows 11 Professional 64-bit,Windows-10-10.0.26200-SP0,3.11.9,2.11.0+cu128
project1_training_curves,a-b,yes,chorale_rule_guided_decoding,Proposed,14,0.44768577108257696,0.5142624616622925,0.839596152305603,selected comparable training history,,2026,runs\chorale_rule_guided_decoding\metrics.csv,src/chorale/plot_results.py,python -m chorale.plot_results,2026-07-05T22:35:50,NVIDIA GeForce RTX 4060 Ti 16GB; Intel i5-12400F; 16GB RAM; Windows 11 Professional 64-bit,Windows-10-10.0.26200-SP0,3.11.9,2.11.0+cu128
project1_training_curves,a-b,yes,chorale_rule_guided_decoding,Proposed,15,0.432776991474001,0.5106587290763855,0.8447167754173279,selected comparable training history,,2026,runs\chorale_rule_guided_decoding\metrics.csv,src/chorale/plot_results.py,python -m chorale.plot_results,2026-07-05T22:35:50,NVIDIA GeForce RTX 4060 Ti 16GB; Intel i5-12400F; 16GB RAM; Windows 11 Professional 64-bit,Windows-10-10.0.26200-SP0,3.11.9,2.11.0+cu128
project1_training_curves,a-b,yes,chorale_rule_guided_decoding,Proposed,16,0.414851219246262,0.5109376549720764,0.8449973106384278,selected comparable training history,,2026,runs\chorale_rule_guided_decoding\metrics.csv,src/chorale/plot_results.py,python -m chorale.plot_results,2026-07-05T22:35:50,NVIDIA GeForce RTX 4060 Ti 16GB; Intel i5-12400F; 16GB RAM; Windows 11 Professional 64-bit,Windows-10-10.0.26200-SP0,3.11.9,2.11.0+cu128
project1_training_curves,a-b,yes,chorale_rule_guided_decoding,Proposed,17,0.3978391791644849,0.5112032115459442,0.8419044733047485,selected comparable training history,,2026,runs\chorale_rule_guided_decoding\metrics.csv,src/chorale/plot_results.py,python -m chorale.plot_results,2026-07-05T22:35:50,NVIDIA GeForce RTX 4060 Ti 16GB; Intel i5-12400F; 16GB RAM; Windows 11 Professional 64-bit,Windows-10-10.0.26200-SP0,3.11.9,2.11.0+cu128
project1_training_curves,a-b,yes,chorale_rule_guided_decoding,Proposed,18,0.3783237957640698,0.5154039621353149,0.8430559873580933,selected comparable training history,,2026,runs\chorale_rule_guided_decoding\metrics.csv,src/chorale/plot_results.py,python -m chorale.plot_results,2026-07-05T22:35:50,NVIDIA GeForce RTX 4060 Ti 16GB; Intel i5-12400F; 16GB RAM; Windows 11 Professional 64-bit,Windows-10-10.0.26200-SP0,3.11.9,2.11.0+cu128
project1_training_curves,a-b,yes,chorale_rule_guided_decoding,Proposed,19,0.3574124472705941,0.5167407155036926,0.8450441479682922,selected comparable training history,,2026,runs\chorale_rule_guided_decoding\metrics.csv,src/chorale/plot_results.py,python -m chorale.plot_results,2026-07-05T22:35:50,NVIDIA GeForce RTX 4060 Ti 16GB; Intel i5-12400F; 16GB RAM; Windows 11 Professional 64-bit,Windows-10-10.0.26200-SP0,3.11.9,2.11.0+cu128
project1_training_curves,a-b,yes,chorale_rule_guided_decoding,Proposed,20,0.337516661537321,0.5298154532909394,0.8404454231262207,selected comparable training history,,2026,runs\chorale_rule_guided_decoding\metrics.csv,src/chorale/plot_results.py,python -m chorale.plot_results,2026-07-05T22:35:50,NVIDIA GeForce RTX 4060 Ti 16GB; Intel i5-12400F; 16GB RAM; Windows 11 Professional 64-bit,Windows-10-10.0.26200-SP0,3.11.9,2.11.0+cu128
project1_training_curves,a-b,yes,chorale_rule_guided_decoding,Proposed,21,0.31456022631180913,0.5336047530174255,0.8447521448135376,selected comparable training history,,2026,runs\chorale_rule_guided_decoding\metrics.csv,src/chorale/plot_results.py,python -m chorale.plot_results,2026-07-05T22:35:50,NVIDIA GeForce RTX 4060 Ti 16GB; Intel i5-12400F; 16GB RAM; Windows 11 Professional 64-bit,Windows-10-10.0.26200-SP0,3.11.9,2.11.0+cu128
project1_training_curves,a-b,yes,chorale_rule_guided_decoding,Proposed,22,0.3002076552886712,0.5333685100078582,0.8456918835639954,selected comparable training history,,2026,runs\chorale_rule_guided_decoding\metrics.csv,src/chorale/plot_results.py,python -m chorale.plot_results,2026-07-05T22:35:50,NVIDIA GeForce RTX 4060 Ti 16GB; Intel i5-12400F; 16GB RAM; Windows 11 Professional 64-bit,Windows-10-10.0.26200-SP0,3.11.9,2.11.0+cu128
project1_training_curves,a-b,yes,chorale_rule_guided_decoding,Proposed,23,0.2853267071278472,0.551654064655304,0.8415887951850891,selected comparable training history,,2026,runs\chorale_rule_guided_decoding\metrics.csv,src/chorale/plot_results.py,python -m chorale.plot_results,2026-07-05T22:35:50,NVIDIA GeForce RTX 4060 Ti 16GB; Intel i5-12400F; 16GB RAM; Windows 11 Professional 64-bit,Windows-10-10.0.26200-SP0,3.11.9,2.11.0+cu128
project1_training_curves,a-b,yes,chorale_rule_guided_decoding,Proposed,24,0.2665731938261735,0.5527250647544861,0.8441084384918213,selected comparable training history,,2026,runs\chorale_rule_guided_decoding\metrics.csv,src/chorale/plot_results.py,python -m chorale.plot_results,2026-07-05T22:35:50,NVIDIA GeForce RTX 4060 Ti 16GB; Intel i5-12400F; 16GB RAM; Windows 11 Professional 64-bit,Windows-10-10.0.26200-SP0,3.11.9,2.11.0+cu128
project1_training_curves,a-b,yes,chorale_rule_guided_decoding,Proposed,25,0.2478291035482758,0.5626426696777344,0.8470759749412536,selected comparable training history,,2026,runs\chorale_rule_guided_decoding\metrics.csv,src/chorale/plot_results.py,python -m chorale.plot_results,2026-07-05T22:35:50,NVIDIA GeForce RTX 4060 Ti 16GB; Intel i5-12400F; 16GB RAM; Windows 11 Professional 64-bit,Windows-10-10.0.26200-SP0,3.11.9,2.11.0+cu128
project1_training_curves,a-b,yes,chorale_ablation_no_harmony_enhanced_20260616_212438,No harmony,1,1.2881404569274502,1.023274874687195,0.7366586923599243,selected comparable training history,,2026,runs\chorale_ablation_no_harmony_enhanced_20260616_212438\metrics.csv,src/chorale/plot_results.py,python -m chorale.plot_results,2026-07-05T22:35:50,NVIDIA GeForce RTX 4060 Ti 16GB; Intel i5-12400F; 16GB RAM; Windows 11 Professional 64-bit,Windows-10-10.0.26200-SP0,3.11.9,2.11.0+cu128
project1_training_curves,a-b,yes,chorale_ablation_no_harmony_enhanced_20260616_212438,No harmony,2,0.9894804860416212,0.9638862609863281,0.7548099756240845,selected comparable training history,,2026,runs\chorale_ablation_no_harmony_enhanced_20260616_212438\metrics.csv,src/chorale/plot_results.py,python -m chorale.plot_results,2026-07-05T22:35:50,NVIDIA GeForce RTX 4060 Ti 16GB; Intel i5-12400F; 16GB RAM; Windows 11 Professional 64-bit,Windows-10-10.0.26200-SP0,3.11.9,2.11.0+cu128
project1_training_curves,a-b,yes,chorale_ablation_no_harmony_enhanced_20260616_212438,No harmony,3,0.9054490469003978,0.8856364488601685,0.758317232131958,selected comparable training history,,2026,runs\chorale_ablation_no_harmony_enhanced_20260616_212438\metrics.csv,src/chorale/plot_results.py,python -m chorale.plot_results,2026-07-05T22:35:50,NVIDIA GeForce RTX 4060 Ti 16GB; Intel i5-12400F; 16GB RAM; Windows 11 Professional 64-bit,Windows-10-10.0.26200-SP0,3.11.9,2.11.0+cu128
project1_training_curves,a-b,yes,chorale_ablation_no_harmony_enhanced_20260616_212438,No harmony,4,0.847858234455711,0.8446345567703247,0.7649386525154114,selected comparable training history,,2026,runs\chorale_ablation_no_harmony_enhanced_20260616_212438\metrics.csv,src/chorale/plot_results.py,python -m chorale.plot_results,2026-07-05T22:35:50,NVIDIA GeForce RTX 4060 Ti 16GB; Intel i5-12400F; 16GB RAM; Windows 11 Professional 64-bit,Windows-10-10.0.26200-SP0,3.11.9,2.11.0+cu128
project1_training_curves,a-b,yes,chorale_ablation_no_harmony_enhanced_20260616_212438,No harmony,5,0.8075720856064245,0.8254362940788269,0.7686835289001465,selected comparable training history,,2026,runs\chorale_ablation_no_harmony_enhanced_20260616_212438\metrics.csv,src/chorale/plot_results.py,python -m chorale.plot_results,2026-07-05T22:35:50,NVIDIA GeForce RTX 4060 Ti 16GB; Intel i5-12400F; 16GB RAM; Windows 11 Professional 64-bit,Windows-10-10.0.26200-SP0,3.11.9,2.11.0+cu128
project1_training_curves,a-b,yes,chorale_ablation_no_harmony_enhanced_20260616_212438,No harmony,6,0.8041709677169198,0.801713490486145,0.7757098197937011,selected comparable training history,,2026,runs\chorale_ablation_no_harmony_enhanced_20260616_212438\metrics.csv,src/chorale/plot_results.py,python -m chorale.plot_results,2026-07-05T22:35:50,NVIDIA GeForce RTX 4060 Ti 16GB; Intel i5-12400F; 16GB RAM; Windows 11 Professional 64-bit,Windows-10-10.0.26200-SP0,3.11.9,2.11.0+cu128
project1_training_curves,a-b,yes,chorale_ablation_no_harmony_enhanced_20260616_212438,No harmony,7,0.7771806058130766,0.7941567778587342,0.7777985334396362,selected comparable training history,,2026,runs\chorale_ablation_no_harmony_enhanced_20260616_212438\metrics.csv,src/chorale/plot_results.py,python -m chorale.plot_results,2026-07-05T22:35:50,NVIDIA GeForce RTX 4060 Ti 16GB; Intel i5-12400F; 16GB RAM; Windows 11 Professional 64-bit,Windows-10-10.0.26200-SP0,3.11.9,2.11.0+cu128
project1_training_curves,a-b,yes,chorale_ablation_no_harmony_enhanced_20260616_212438,No harmony,8,0.7631611165247465,0.7835691928863525,0.7816197872161865,selected comparable training history,,2026,runs\chorale_ablation_no_harmony_enhanced_20260616_212438\metrics.csv,src/chorale/plot_results.py,python -m chorale.plot_results,2026-07-05T22:35:50,NVIDIA GeForce RTX 4060 Ti 16GB; Intel i5-12400F; 16GB RAM; Windows 11 Professional 64-bit,Windows-10-10.0.26200-SP0,3.11.9,2.11.0+cu128
project1_training_curves,a-b,yes,chorale_ablation_no_harmony_enhanced_20260616_212438,No harmony,9,0.7519263531032362,0.7885601282119751,0.7782321095466613,selected comparable training history,,2026,runs\chorale_ablation_no_harmony_enhanced_20260616_212438\metrics.csv,src/chorale/plot_results.py,python -m chorale.plot_results,2026-07-05T22:35:50,NVIDIA GeForce RTX 4060 Ti 16GB; Intel i5-12400F; 16GB RAM; Windows 11 Professional 64-bit,Windows-10-10.0.26200-SP0,3.11.9,2.11.0+cu128
project1_training_curves,a-b,yes,chorale_ablation_no_harmony_enhanced_20260616_212438,No harmony,10,0.7403212079876348,0.7745136857032776,0.7819041848182678,selected comparable training history,,2026,runs\chorale_ablation_no_harmony_enhanced_20260616_212438\metrics.csv,src/chorale/plot_results.py,python -m chorale.plot_results,2026-07-05T22:35:50,NVIDIA GeForce RTX 4060 Ti 16GB; Intel i5-12400F; 16GB RAM; Windows 11 Professional 64-bit,Windows-10-10.0.26200-SP0,3.11.9,2.11.0+cu128
project1_training_curves,a-b,yes,chorale_ablation_no_harmony_enhanced_20260616_212438,No harmony,11,0.7223129821451086,0.7637680888175964,0.781997287273407,selected comparable training history,,2026,runs\chorale_ablation_no_harmony_enhanced_20260616_212438\metrics.csv,src/chorale/plot_results.py,python -m chorale.plot_results,2026-07-05T22:35:50,NVIDIA GeForce RTX 4060 Ti 16GB; Intel i5-12400F; 16GB RAM; Windows 11 Professional 64-bit,Windows-10-10.0.26200-SP0,3.11.9,2.11.0+cu128
project1_training_curves,a-b,yes,chorale_ablation_no_harmony_enhanced_20260616_212438,No harmony,12,0.7134445889999992,0.7645910859107972,0.7823094606399537,selected comparable training history,,2026,runs\chorale_ablation_no_harmony_enhanced_20260616_212438\metrics.csv,src/chorale/plot_results.py,python -m chorale.plot_results,2026-07-05T22:35:50,NVIDIA GeForce RTX 4060 Ti 16GB; Intel i5-12400F; 16GB RAM; Windows 11 Professional 64-bit,Windows-10-10.0.26200-SP0,3.11.9,2.11.0+cu128
project1_training_curves,a-b,yes,chorale_ablation_no_harmony_enhanced_20260616_212438,No harmony,13,0.6981176843768672,0.7673782110214233,0.7855416893959045,selected comparable training history,,2026,runs\chorale_ablation_no_harmony_enhanced_20260616_212438\metrics.csv,src/chorale/plot_results.py,python -m chorale.plot_results,2026-07-05T22:35:50,NVIDIA GeForce RTX 4060 Ti 16GB; Intel i5-12400F; 16GB RAM; Windows 11 Professional 64-bit,Windows-10-10.0.26200-SP0,3.11.9,2.11.0+cu128
project1_training_curves,a-b,yes,chorale_ablation_no_harmony_enhanced_20260616_212438,No harmony,14,0.6850831524321908,0.7651250958442688,0.7832386493682861,selected comparable training history,,2026,runs\chorale_ablation_no_harmony_enhanced_20260616_212438\metrics.csv,src/chorale/plot_results.py,python -m chorale.plot_results,2026-07-05T22:35:50,NVIDIA GeForce RTX 4060 Ti 16GB; Intel i5-12400F; 16GB RAM; Windows 11 Professional 64-bit,Windows-10-10.0.26200-SP0,3.11.9,2.11.0+cu128
project1_training_curves,a-b,yes,chorale_ablation_no_harmony_enhanced_20260616_212438,No harmony,15,0.6701675998537164,0.7554279565811157,0.7860313057899475,selected comparable training history,,2026,runs\chorale_ablation_no_harmony_enhanced_20260616_212438\metrics.csv,src/chorale/plot_results.py,python -m chorale.plot_results,2026-07-05T22:35:50,NVIDIA GeForce RTX 4060 Ti 16GB; Intel i5-12400F; 16GB RAM; Windows 11 Professional 64-bit,Windows-10-10.0.26200-SP0,3.11.9,2.11.0+cu128
project1_training_curves,a-b,yes,chorale_ablation_no_harmony_enhanced_20260616_212438,No harmony,16,0.6529148691578915,0.756010115146637,0.7875020742416382,selected comparable training history,,2026,runs\chorale_ablation_no_harmony_enhanced_20260616_212438\metrics.csv,src/chorale/plot_results.py,python -m chorale.plot_results,2026-07-05T22:35:50,NVIDIA GeForce RTX 4060 Ti 16GB; Intel i5-12400F; 16GB RAM; Windows 11 Professional 64-bit,Windows-10-10.0.26200-SP0,3.11.9,2.11.0+cu128
project1_training_curves,a-b,yes,chorale_ablation_no_harmony_enhanced_20260616_212438,No harmony,17,0.6401371595106626,0.7644363760948181,0.7857564330101013,selected comparable training history,,2026,runs\chorale_ablation_no_harmony_enhanced_20260616_212438\metrics.csv,src/chorale/plot_results.py,python -m chorale.plot_results,2026-07-05T22:35:50,NVIDIA GeForce RTX 4060 Ti 16GB; Intel i5-12400F; 16GB RAM; Windows 11 Professional 64-bit,Windows-10-10.0.26200-SP0,3.11.9,2.11.0+cu128
project1_training_curves,a-b,yes,chorale_ablation_no_harmony_enhanced_20260616_212438,No harmony,18,0.6184014011370508,0.7621723890304566,0.7860556483268738,selected comparable training history,,2026,runs\chorale_ablation_no_harmony_enhanced_20260616_212438\metrics.csv,src/chorale/plot_results.py,python -m chorale.plot_results,2026-07-05T22:35:50,NVIDIA GeForce RTX 4060 Ti 16GB; Intel i5-12400F; 16GB RAM; Windows 11 Professional 64-bit,Windows-10-10.0.26200-SP0,3.11.9,2.11.0+cu128
project1_training_curves,a-b,yes,chorale_ablation_no_harmony_enhanced_20260616_212438,No harmony,19,0.6048828833981564,0.7702354073524476,0.7840830087661743,selected comparable training history,,2026,runs\chorale_ablation_no_harmony_enhanced_20260616_212438\metrics.csv,src/chorale/plot_results.py,python -m chorale.plot_results,2026-07-05T22:35:50,NVIDIA GeForce RTX 4060 Ti 16GB; Intel i5-12400F; 16GB RAM; Windows 11 Professional 64-bit,Windows-10-10.0.26200-SP0,3.11.9,2.11.0+cu128
project1_training_curves,a-b,yes,chorale_ablation_no_harmony_enhanced_20260616_212438,No harmony,20,0.5850896482404909,0.7602365970611572,0.7854882836341858,selected comparable training history,,2026,runs\chorale_ablation_no_harmony_enhanced_20260616_212438\metrics.csv,src/chorale/plot_results.py,python -m chorale.plot_results,2026-07-05T22:35:50,NVIDIA GeForce RTX 4060 Ti 16GB; Intel i5-12400F; 16GB RAM; Windows 11 Professional 64-bit,Windows-10-10.0.26200-SP0,3.11.9,2.11.0+cu128
project1_training_curves,a-b,yes,chorale_ablation_no_harmony_enhanced_20260616_212438,No harmony,21,0.5655905549463472,0.7661756038665771,0.7857386589050293,selected comparable training history,,2026,runs\chorale_ablation_no_harmony_enhanced_20260616_212438\metrics.csv,src/chorale/plot_results.py,python -m chorale.plot_results,2026-07-05T22:35:50,NVIDIA GeForce RTX 4060 Ti 16GB; Intel i5-12400F; 16GB RAM; Windows 11 Professional 64-bit,Windows-10-10.0.26200-SP0,3.11.9,2.11.0+cu128
project1_training_curves,a-b,yes,chorale_ablation_no_harmony_enhanced_20260616_212438,No harmony,22,0.5517582054200926,0.7888612627983094,0.7844259977340698,selected comparable training history,,2026,runs\chorale_ablation_no_harmony_enhanced_20260616_212438\metrics.csv,src/chorale/plot_results.py,python -m chorale.plot_results,2026-07-05T22:35:50,NVIDIA GeForce RTX 4060 Ti 16GB; Intel i5-12400F; 16GB RAM; Windows 11 Professional 64-bit,Windows-10-10.0.26200-SP0,3.11.9,2.11.0+cu128
project1_training_curves,a-b,yes,chorale_ablation_no_harmony_enhanced_20260616_212438,No harmony,23,0.5355655927407114,0.786198103427887,0.7886823296546936,selected comparable training history,,2026,runs\chorale_ablation_no_harmony_enhanced_20260616_212438\metrics.csv,src/chorale/plot_results.py,python -m chorale.plot_results,2026-07-05T22:35:50,NVIDIA GeForce RTX 4060 Ti 16GB; Intel i5-12400F; 16GB RAM; Windows 11 Professional 64-bit,Windows-10-10.0.26200-SP0,3.11.9,2.11.0+cu128
project1_training_curves,a-b,yes,chorale_ablation_no_harmony_enhanced_20260616_212438,No harmony,24,0.5219525741903406,0.7858263611793518,0.786151897907257,selected comparable training history,,2026,runs\chorale_ablation_no_harmony_enhanced_20260616_212438\metrics.csv,src/chorale/plot_results.py,python -m chorale.plot_results,2026-07-05T22:35:50,NVIDIA GeForce RTX 4060 Ti 16GB; Intel i5-12400F; 16GB RAM; Windows 11 Professional 64-bit,Windows-10-10.0.26200-SP0,3.11.9,2.11.0+cu128
project1_training_curves,a-b,yes,chorale_ablation_no_harmony_enhanced_20260616_212438,No harmony,25,0.4988680113303034,0.7933012962341308,0.7875571250915527,selected comparable training history,,2026,runs\chorale_ablation_no_harmony_enhanced_20260616_212438\metrics.csv,src/chorale/plot_results.py,python -m chorale.plot_results,2026-07-05T22:35:50,NVIDIA GeForce RTX 4060 Ti 16GB; Intel i5-12400F; 16GB RAM; Windows 11 Professional 64-bit,Windows-10-10.0.26200-SP0,3.11.9,2.11.0+cu128
project1_training_curves,a-b,yes,chorale_ablation_no_rule_guided_decoding_enhanced_20260616_212438,No rules,1,1.2850089245720913,1.027003538608551,0.7367234945297241,selected comparable training history,,2026,runs\chorale_ablation_no_rule_guided_decoding_enhanced_20260616_212438\metrics.csv,src/chorale/plot_results.py,python -m chorale.plot_results,2026-07-05T22:35:50,NVIDIA GeForce RTX 4060 Ti 16GB; Intel i5-12400F; 16GB RAM; Windows 11 Professional 64-bit,Windows-10-10.0.26200-SP0,3.11.9,2.11.0+cu128
project1_training_curves,a-b,yes,chorale_ablation_no_rule_guided_decoding_enhanced_20260616_212438,No rules,2,0.9661801347607061,0.8814104914665222,0.7785092353820801,selected comparable training history,,2026,runs\chorale_ablation_no_rule_guided_decoding_enhanced_20260616_212438\metrics.csv,src/chorale/plot_results.py,python -m chorale.plot_results,2026-07-05T22:35:50,NVIDIA GeForce RTX 4060 Ti 16GB; Intel i5-12400F; 16GB RAM; Windows 11 Professional 64-bit,Windows-10-10.0.26200-SP0,3.11.9,2.11.0+cu128
project1_training_curves,a-b,yes,chorale_ablation_no_rule_guided_decoding_enhanced_20260616_212438,No rules,3,0.8144367117630807,0.7515003323554993,0.8005845427513123,selected comparable training history,,2026,runs\chorale_ablation_no_rule_guided_decoding_enhanced_20260616_212438\metrics.csv,src/chorale/plot_results.py,python -m chorale.plot_results,2026-07-05T22:35:50,NVIDIA GeForce RTX 4060 Ti 16GB; Intel i5-12400F; 16GB RAM; Windows 11 Professional 64-bit,Windows-10-10.0.26200-SP0,3.11.9,2.11.0+cu128
project1_training_curves,a-b,yes,chorale_ablation_no_rule_guided_decoding_enhanced_20260616_212438,No rules,4,0.7143065113770334,0.6815321922302247,0.8099448204040527,selected comparable training history,,2026,runs\chorale_ablation_no_rule_guided_decoding_enhanced_20260616_212438\metrics.csv,src/chorale/plot_results.py,python -m chorale.plot_results,2026-07-05T22:35:50,NVIDIA GeForce RTX 4060 Ti 16GB; Intel i5-12400F; 16GB RAM; Windows 11 Professional 64-bit,Windows-10-10.0.26200-SP0,3.11.9,2.11.0+cu128
project1_training_curves,a-b,yes,chorale_ablation_no_rule_guided_decoding_enhanced_20260616_212438,No rules,5,0.6615305542945862,0.6530017137527466,0.8159488439559937,selected comparable training history,,2026,runs\chorale_ablation_no_rule_guided_decoding_enhanced_20260616_212438\metrics.csv,src/chorale/plot_results.py,python -m chorale.plot_results,2026-07-05T22:35:50,NVIDIA GeForce RTX 4060 Ti 16GB; Intel i5-12400F; 16GB RAM; Windows 11 Professional 64-bit,Windows-10-10.0.26200-SP0,3.11.9,2.11.0+cu128
project1_training_curves,a-b,yes,chorale_ablation_no_rule_guided_decoding_enhanced_20260616_212438,No rules,6,0.6399279926952562,0.6467994451522827,0.8130742311477661,selected comparable training history,,2026,runs\chorale_ablation_no_rule_guided_decoding_enhanced_20260616_212438\metrics.csv,src/chorale/plot_results.py,python -m chorale.plot_results,2026-07-05T22:35:50,NVIDIA GeForce RTX 4060 Ti 16GB; Intel i5-12400F; 16GB RAM; Windows 11 Professional 64-bit,Windows-10-10.0.26200-SP0,3.11.9,2.11.0+cu128
project1_training_curves,a-b,yes,chorale_ablation_no_rule_guided_decoding_enhanced_20260616_212438,No rules,7,0.605397293442174,0.5884286046028138,0.828421700000763,selected comparable training history,,2026,runs\chorale_ablation_no_rule_guided_decoding_enhanced_20260616_212438\metrics.csv,src/chorale/plot_results.py,python -m chorale.plot_results,2026-07-05T22:35:50,NVIDIA GeForce RTX 4060 Ti 16GB; Intel i5-12400F; 16GB RAM; Windows 11 Professional 64-bit,Windows-10-10.0.26200-SP0,3.11.9,2.11.0+cu128
project1_training_curves,a-b,yes,chorale_ablation_no_rule_guided_decoding_enhanced_20260616_212438,No rules,8,0.5688099782717856,0.5599531769752503,0.8318574786186218,selected comparable training history,,2026,runs\chorale_ablation_no_rule_guided_decoding_enhanced_20260616_212438\metrics.csv,src/chorale/plot_results.py,python -m chorale.plot_results,2026-07-05T22:35:50,NVIDIA GeForce RTX 4060 Ti 16GB; Intel i5-12400F; 16GB RAM; Windows 11 Professional 64-bit,Windows-10-10.0.26200-SP0,3.11.9,2.11.0+cu128
project1_training_curves,a-b,yes,chorale_ablation_no_rule_guided_decoding_enhanced_20260616_212438,No rules,9,0.5427500040907609,0.5562804460525512,0.8313324451446533,selected comparable training history,,2026,runs\chorale_ablation_no_rule_guided_decoding_enhanced_20260616_212438\metrics.csv,src/chorale/plot_results.py,python -m chorale.plot_results,2026-07-05T22:35:50,NVIDIA GeForce RTX 4060 Ti 16GB; Intel i5-12400F; 16GB RAM; Windows 11 Professional 64-bit,Windows-10-10.0.26200-SP0,3.11.9,2.11.0+cu128
project1_training_curves,a-b,yes,chorale_ablation_no_rule_guided_decoding_enhanced_20260616_212438,No rules,10,0.5255778133869171,0.55246342420578,0.8294021248817444,selected comparable training history,,2026,runs\chorale_ablation_no_rule_guided_decoding_enhanced_20260616_212438\metrics.csv,src/chorale/plot_results.py,python -m chorale.plot_results,2026-07-05T22:35:50,NVIDIA GeForce RTX 4060 Ti 16GB; Intel i5-12400F; 16GB RAM; Windows 11 Professional 64-bit,Windows-10-10.0.26200-SP0,3.11.9,2.11.0+cu128
project1_training_curves,a-b,yes,chorale_ablation_no_rule_guided_decoding_enhanced_20260616_212438,No rules,11,0.5052609020157864,0.53256276845932,0.8367205262184143,selected comparable training history,,2026,runs\chorale_ablation_no_rule_guided_decoding_enhanced_20260616_212438\metrics.csv,src/chorale/plot_results.py,python -m chorale.plot_results,2026-07-05T22:35:50,NVIDIA GeForce RTX 4060 Ti 16GB; Intel i5-12400F; 16GB RAM; Windows 11 Professional 64-bit,Windows-10-10.0.26200-SP0,3.11.9,2.11.0+cu128
project1_training_curves,a-b,yes,chorale_ablation_no_rule_guided_decoding_enhanced_20260616_212438,No rules,12,0.4887877663499431,0.525592964887619,0.8382895469665528,selected comparable training history,,2026,runs\chorale_ablation_no_rule_guided_decoding_enhanced_20260616_212438\metrics.csv,src/chorale/plot_results.py,python -m chorale.plot_results,2026-07-05T22:35:50,NVIDIA GeForce RTX 4060 Ti 16GB; Intel i5-12400F; 16GB RAM; Windows 11 Professional 64-bit,Windows-10-10.0.26200-SP0,3.11.9,2.11.0+cu128
project1_training_curves,a-b,yes,chorale_ablation_no_rule_guided_decoding_enhanced_20260616_212438,No rules,13,0.46719917733418315,0.5208370685577393,0.8390690445899963,selected comparable training history,,2026,runs\chorale_ablation_no_rule_guided_decoding_enhanced_20260616_212438\metrics.csv,src/chorale/plot_results.py,python -m chorale.plot_results,2026-07-05T22:35:50,NVIDIA GeForce RTX 4060 Ti 16GB; Intel i5-12400F; 16GB RAM; Windows 11 Professional 64-bit,Windows-10-10.0.26200-SP0,3.11.9,2.11.0+cu128
project1_training_curves,a-b,yes,chorale_ablation_no_rule_guided_decoding_enhanced_20260616_212438,No rules,14,0.44844027961555283,0.5151376307010651,0.8400447249412537,selected comparable training history,,2026,runs\chorale_ablation_no_rule_guided_decoding_enhanced_20260616_212438\metrics.csv,src/chorale/plot_results.py,python -m chorale.plot_results,2026-07-05T22:35:50,NVIDIA GeForce RTX 4060 Ti 16GB; Intel i5-12400F; 16GB RAM; Windows 11 Professional 64-bit,Windows-10-10.0.26200-SP0,3.11.9,2.11.0+cu128
project1_training_curves,a-b,yes,chorale_ablation_no_rule_guided_decoding_enhanced_20260616_212438,No rules,15,0.4328012764453888,0.5098914504051208,0.8446384906768799,selected comparable training history,,2026,runs\chorale_ablation_no_rule_guided_decoding_enhanced_20260616_212438\metrics.csv,src/chorale/plot_results.py,python -m chorale.plot_results,2026-07-05T22:35:50,NVIDIA GeForce RTX 4060 Ti 16GB; Intel i5-12400F; 16GB RAM; Windows 11 Professional 64-bit,Windows-10-10.0.26200-SP0,3.11.9,2.11.0+cu128
project1_training_curves,a-b,yes,chorale_ablation_no_rule_guided_decoding_enhanced_20260616_212438,No rules,16,0.4154941400415019,0.5128896832466125,0.8450286269187928,selected comparable training history,,2026,runs\chorale_ablation_no_rule_guided_decoding_enhanced_20260616_212438\metrics.csv,src/chorale/plot_results.py,python -m chorale.plot_results,2026-07-05T22:35:50,NVIDIA GeForce RTX 4060 Ti 16GB; Intel i5-12400F; 16GB RAM; Windows 11 Professional 64-bit,Windows-10-10.0.26200-SP0,3.11.9,2.11.0+cu128
project1_training_curves,a-b,yes,chorale_ablation_no_rule_guided_decoding_enhanced_20260616_212438,No rules,17,0.39874878055170965,0.511460942029953,0.8421961545944214,selected comparable training history,,2026,runs\chorale_ablation_no_rule_guided_decoding_enhanced_20260616_212438\metrics.csv,src/chorale/plot_results.py,python -m chorale.plot_results,2026-07-05T22:35:50,NVIDIA GeForce RTX 4060 Ti 16GB; Intel i5-12400F; 16GB RAM; Windows 11 Professional 64-bit,Windows-10-10.0.26200-SP0,3.11.9,2.11.0+cu128
project1_training_curves,a-b,yes,chorale_ablation_no_rule_guided_decoding_enhanced_20260616_212438,No rules,18,0.37752287403533336,0.5144060015678406,0.8433149218559265,selected comparable training history,,2026,runs\chorale_ablation_no_rule_guided_decoding_enhanced_20260616_212438\metrics.csv,src/chorale/plot_results.py,python -m chorale.plot_results,2026-07-05T22:35:50,NVIDIA GeForce RTX 4060 Ti 16GB; Intel i5-12400F; 16GB RAM; Windows 11 Professional 64-bit,Windows-10-10.0.26200-SP0,3.11.9,2.11.0+cu128
project1_training_curves,a-b,yes,chorale_ablation_no_rule_guided_decoding_enhanced_20260616_212438,No rules,19,0.3582141171944769,0.5179637849330903,0.8429210901260376,selected comparable training history,,2026,runs\chorale_ablation_no_rule_guided_decoding_enhanced_20260616_212438\metrics.csv,src/chorale/plot_results.py,python -m chorale.plot_results,2026-07-05T22:35:50,NVIDIA GeForce RTX 4060 Ti 16GB; Intel i5-12400F; 16GB RAM; Windows 11 Professional 64-bit,Windows-10-10.0.26200-SP0,3.11.9,2.11.0+cu128
project1_training_curves,a-b,yes,chorale_ablation_no_rule_guided_decoding_enhanced_20260616_212438,No rules,20,0.3391720817277306,0.5290518522262573,0.8405905127525329,selected comparable training history,,2026,runs\chorale_ablation_no_rule_guided_decoding_enhanced_20260616_212438\metrics.csv,src/chorale/plot_results.py,python -m chorale.plot_results,2026-07-05T22:35:50,NVIDIA GeForce RTX 4060 Ti 16GB; Intel i5-12400F; 16GB RAM; Windows 11 Professional 64-bit,Windows-10-10.0.26200-SP0,3.11.9,2.11.0+cu128
project1_training_curves,a-b,yes,chorale_ablation_no_rule_guided_decoding_enhanced_20260616_212438,No rules,21,0.31481952259415075,0.5296126902103424,0.8460495352745057,selected comparable training history,,2026,runs\chorale_ablation_no_rule_guided_decoding_enhanced_20260616_212438\metrics.csv,src/chorale/plot_results.py,python -m chorale.plot_results,2026-07-05T22:35:50,NVIDIA GeForce RTX 4060 Ti 16GB; Intel i5-12400F; 16GB RAM; Windows 11 Professional 64-bit,Windows-10-10.0.26200-SP0,3.11.9,2.11.0+cu128
project1_training_curves,a-b,yes,chorale_ablation_no_rule_guided_decoding_enhanced_20260616_212438,No rules,22,0.29755275069098724,0.534941989183426,0.8454618811607361,selected comparable training history,,2026,runs\chorale_ablation_no_rule_guided_decoding_enhanced_20260616_212438\metrics.csv,src/chorale/plot_results.py,python -m chorale.plot_results,2026-07-05T22:35:50,NVIDIA GeForce RTX 4060 Ti 16GB; Intel i5-12400F; 16GB RAM; Windows 11 Professional 64-bit,Windows-10-10.0.26200-SP0,3.11.9,2.11.0+cu128
project1_training_curves,a-b,yes,chorale_ablation_no_rule_guided_decoding_enhanced_20260616_212438,No rules,23,0.2857884737221818,0.5513113737106323,0.8429697990417481,selected comparable training history,,2026,runs\chorale_ablation_no_rule_guided_decoding_enhanced_20260616_212438\metrics.csv,src/chorale/plot_results.py,python -m chorale.plot_results,2026-07-05T22:35:50,NVIDIA GeForce RTX 4060 Ti 16GB; Intel i5-12400F; 16GB RAM; Windows 11 Professional 64-bit,Windows-10-10.0.26200-SP0,3.11.9,2.11.0+cu128
project1_training_curves,a-b,yes,chorale_ablation_no_rule_guided_decoding_enhanced_20260616_212438,No rules,24,0.2673682319490533,0.5524953246116638,0.8421942234039307,selected comparable training history,,2026,runs\chorale_ablation_no_rule_guided_decoding_enhanced_20260616_212438\metrics.csv,src/chorale/plot_results.py,python -m chorale.plot_results,2026-07-05T22:35:50,NVIDIA GeForce RTX 4060 Ti 16GB; Intel i5-12400F; 16GB RAM; Windows 11 Professional 64-bit,Windows-10-10.0.26200-SP0,3.11.9,2.11.0+cu128
project1_training_curves,a-b,yes,chorale_ablation_no_rule_guided_decoding_enhanced_20260616_212438,No rules,25,0.248900049219006,0.5679195165634155,0.845517373085022,selected comparable training history,,2026,runs\chorale_ablation_no_rule_guided_decoding_enhanced_20260616_212438\metrics.csv,src/chorale/plot_results.py,python -m chorale.plot_results,2026-07-05T22:35:50,NVIDIA GeForce RTX 4060 Ti 16GB; Intel i5-12400F; 16GB RAM; Windows 11 Professional 64-bit,Windows-10-10.0.26200-SP0,3.11.9,2.11.0+cu128
