source_file,config_path,checkpoint,seed,source_index,source_name,task,variant_id,variant_label,decoder_type,beam_size,top_k,max_row_candidates,lambda_rule,length,runtime_seconds,total_violations,rule_violations_per_100_timesteps,parallel_fifths_per_100_timesteps,parallel_octaves_per_100_timesteps,voice_crossing_per_100_timesteps,spacing_per_100_timesteps,seventh_resolution_violation_rate,cadence_unknown_rate,claim_boundary
results\constraint_decoder_analysis.csv,runs\cih_s2s_formal_multiseed\seed_2026\input_config.yaml,runs\cih_s2s_formal_multiseed\seed_2026\best.pt,2026,4,An Wasserflüssen Babylon,soprano_to_satb,neural_argmax,Neural argmax,none,0,0,0,1.0,256,0.004002300091087818,36,14.0625,1.953125,3.515625,0.0,0.0,0.01171875,1.0,full-test decoder analysis for a trained CIH checkpoint; automatic rule diagnostics only
results\constraint_decoder_analysis.csv,runs\cih_s2s_formal_multiseed\seed_2026\input_config.yaml,runs\cih_s2s_formal_multiseed\seed_2026\best.pt,2026,4,An Wasserflüssen Babylon,soprano_to_satb,local_rule_repair,Local repair,local_rule_repair,0,0,0,1.0,256,0.01641319994814694,36,14.0625,1.953125,3.515625,0.0,0.0,0.01171875,1.0,full-test decoder analysis for a trained CIH checkpoint; automatic rule diagnostics only
results\constraint_decoder_analysis.csv,runs\cih_s2s_formal_multiseed\seed_2026\input_config.yaml,runs\cih_s2s_formal_multiseed\seed_2026\best.pt,2026,4,An Wasserflüssen Babylon,soprano_to_satb,beam_b2_k4,"Beam b=2, k=4",cih_beam,2,4,24,1.0,256,1.8791102999821305,46,17.96875,0.0,0.390625,0.0,0.0,0.00390625,1.0,full-test decoder analysis for a trained CIH checkpoint; automatic rule diagnostics only
results\constraint_decoder_analysis.csv,runs\cih_s2s_formal_multiseed\seed_2026\input_config.yaml,runs\cih_s2s_formal_multiseed\seed_2026\best.pt,2026,4,An Wasserflüssen Babylon,soprano_to_satb,beam_b4_k8,"Beam b=4, k=8",cih_beam,4,8,48,1.0,256,9.050289700040594,36,14.0625,0.0,0.390625,0.0,0.0,0.00390625,1.0,full-test decoder analysis for a trained CIH checkpoint; automatic rule diagnostics only
results\constraint_decoder_analysis.csv,runs\cih_s2s_formal_multiseed\seed_2026\input_config.yaml,runs\cih_s2s_formal_multiseed\seed_2026\best.pt,2026,4,An Wasserflüssen Babylon,soprano_to_satb,beam_b8_k12,"Beam b=8, k=12",cih_beam,8,12,96,1.0,256,36.648016300052404,32,12.5,0.0,0.390625,0.0,0.0,0.00390625,1.0,full-test decoder analysis for a trained CIH checkpoint; automatic rule diagnostics only
results\constraint_decoder_analysis.csv,runs\cih_s2s_formal_multiseed\seed_2026\input_config.yaml,runs\cih_s2s_formal_multiseed\seed_2026\best.pt,2026,23,Valet will ich dir geben,soprano_to_satb,neural_argmax,Neural argmax,none,0,0,0,1.0,192,0.00241199997253716,14,7.291666666666667,0.5208333333333334,0.5208333333333334,1.0416666666666667,0.0,0.005208333333333333,0.0,full-test decoder analysis for a trained CIH checkpoint; automatic rule diagnostics only
results\constraint_decoder_analysis.csv,runs\cih_s2s_formal_multiseed\seed_2026\input_config.yaml,runs\cih_s2s_formal_multiseed\seed_2026\best.pt,2026,23,Valet will ich dir geben,soprano_to_satb,local_rule_repair,Local repair,local_rule_repair,0,0,0,1.0,192,0.01578360004350543,14,7.291666666666667,0.5208333333333334,0.5208333333333334,1.0416666666666667,0.0,0.005208333333333333,0.0,full-test decoder analysis for a trained CIH checkpoint; automatic rule diagnostics only
results\constraint_decoder_analysis.csv,runs\cih_s2s_formal_multiseed\seed_2026\input_config.yaml,runs\cih_s2s_formal_multiseed\seed_2026\best.pt,2026,23,Valet will ich dir geben,soprano_to_satb,beam_b2_k4,"Beam b=2, k=4",cih_beam,2,4,24,1.0,192,1.429632999934256,25,13.020833333333334,0.0,0.0,0.5208333333333334,0.5208333333333334,0.005208333333333333,0.0,full-test decoder analysis for a trained CIH checkpoint; automatic rule diagnostics only
results\constraint_decoder_analysis.csv,runs\cih_s2s_formal_multiseed\seed_2026\input_config.yaml,runs\cih_s2s_formal_multiseed\seed_2026\best.pt,2026,23,Valet will ich dir geben,soprano_to_satb,beam_b4_k8,"Beam b=4, k=8",cih_beam,4,8,48,1.0,192,6.529398099984974,23,11.979166666666666,0.5208333333333334,0.0,0.0,0.0,0.005208333333333333,0.0,full-test decoder analysis for a trained CIH checkpoint; automatic rule diagnostics only
results\constraint_decoder_analysis.csv,runs\cih_s2s_formal_multiseed\seed_2026\input_config.yaml,runs\cih_s2s_formal_multiseed\seed_2026\best.pt,2026,23,Valet will ich dir geben,soprano_to_satb,beam_b8_k12,"Beam b=8, k=12",cih_beam,8,12,96,1.0,192,28.57948870002292,18,9.375,0.0,0.0,0.0,0.0,0.005208333333333333,0.0,full-test decoder analysis for a trained CIH checkpoint; automatic rule diagnostics only
results\constraint_decoder_analysis.csv,runs\cih_s2s_formal_multiseed\seed_2026\input_config.yaml,runs\cih_s2s_formal_multiseed\seed_2026\best.pt,2026,26,Es spricht der Unweisen Mund,soprano_to_satb,neural_argmax,Neural argmax,none,0,0,0,1.0,160,0.0027199999894946814,27,16.875,2.5,7.5,0.0,0.0,0.01875,0.0,full-test decoder analysis for a trained CIH checkpoint; automatic rule diagnostics only
results\constraint_decoder_analysis.csv,runs\cih_s2s_formal_multiseed\seed_2026\input_config.yaml,runs\cih_s2s_formal_multiseed\seed_2026\best.pt,2026,26,Es spricht der Unweisen Mund,soprano_to_satb,local_rule_repair,Local repair,local_rule_repair,0,0,0,1.0,160,0.012242099968716502,27,16.875,2.5,7.5,0.0,0.0,0.01875,0.0,full-test decoder analysis for a trained CIH checkpoint; automatic rule diagnostics only
results\constraint_decoder_analysis.csv,runs\cih_s2s_formal_multiseed\seed_2026\input_config.yaml,runs\cih_s2s_formal_multiseed\seed_2026\best.pt,2026,26,Es spricht der Unweisen Mund,soprano_to_satb,beam_b2_k4,"Beam b=2, k=4",cih_beam,2,4,24,1.0,160,1.1638571999501437,24,15.0,1.25,0.625,0.0,0.0,0.0,0.0,full-test decoder analysis for a trained CIH checkpoint; automatic rule diagnostics only
results\constraint_decoder_analysis.csv,runs\cih_s2s_formal_multiseed\seed_2026\input_config.yaml,runs\cih_s2s_formal_multiseed\seed_2026\best.pt,2026,26,Es spricht der Unweisen Mund,soprano_to_satb,beam_b4_k8,"Beam b=4, k=8",cih_beam,4,8,48,1.0,160,5.548668599920347,25,15.625,1.25,0.625,0.0,0.0,0.0,0.0,full-test decoder analysis for a trained CIH checkpoint; automatic rule diagnostics only
results\constraint_decoder_analysis.csv,runs\cih_s2s_formal_multiseed\seed_2026\input_config.yaml,runs\cih_s2s_formal_multiseed\seed_2026\best.pt,2026,26,Es spricht der Unweisen Mund,soprano_to_satb,beam_b8_k12,"Beam b=8, k=12",cih_beam,8,12,96,1.0,160,23.900740599958226,24,15.0,1.25,1.25,0.0,0.0,0.0,0.0,full-test decoder analysis for a trained CIH checkpoint; automatic rule diagnostics only
results\constraint_decoder_analysis.csv,runs\cih_s2s_formal_multiseed\seed_2026\input_config.yaml,runs\cih_s2s_formal_multiseed\seed_2026\best.pt,2026,27,"Nun komm, der Heiden Heiland",soprano_to_satb,neural_argmax,Neural argmax,none,0,0,0,1.0,128,0.0019384000916033983,17,13.28125,3.125,3.90625,0.0,0.0,0.0,0.0,full-test decoder analysis for a trained CIH checkpoint; automatic rule diagnostics only
results\constraint_decoder_analysis.csv,runs\cih_s2s_formal_multiseed\seed_2026\input_config.yaml,runs\cih_s2s_formal_multiseed\seed_2026\best.pt,2026,27,"Nun komm, der Heiden Heiland",soprano_to_satb,local_rule_repair,Local repair,local_rule_repair,0,0,0,1.0,128,0.009128900012001395,17,13.28125,3.125,3.90625,0.0,0.0,0.0,0.0,full-test decoder analysis for a trained CIH checkpoint; automatic rule diagnostics only
results\constraint_decoder_analysis.csv,runs\cih_s2s_formal_multiseed\seed_2026\input_config.yaml,runs\cih_s2s_formal_multiseed\seed_2026\best.pt,2026,27,"Nun komm, der Heiden Heiland",soprano_to_satb,beam_b2_k4,"Beam b=2, k=4",cih_beam,2,4,24,1.0,128,0.8146768999285996,23,17.96875,0.78125,0.0,0.0,0.0,0.0078125,0.0,full-test decoder analysis for a trained CIH checkpoint; automatic rule diagnostics only
results\constraint_decoder_analysis.csv,runs\cih_s2s_formal_multiseed\seed_2026\input_config.yaml,runs\cih_s2s_formal_multiseed\seed_2026\best.pt,2026,27,"Nun komm, der Heiden Heiland",soprano_to_satb,beam_b4_k8,"Beam b=4, k=8",cih_beam,4,8,48,1.0,128,4.341772899962962,21,16.40625,0.78125,0.0,0.0,0.0,0.0078125,1.0,full-test decoder analysis for a trained CIH checkpoint; automatic rule diagnostics only
results\constraint_decoder_analysis.csv,runs\cih_s2s_formal_multiseed\seed_2026\input_config.yaml,runs\cih_s2s_formal_multiseed\seed_2026\best.pt,2026,27,"Nun komm, der Heiden Heiland",soprano_to_satb,beam_b8_k12,"Beam b=8, k=12",cih_beam,8,12,96,1.0,128,19.11298149987124,17,13.28125,0.0,0.0,0.0,0.0,0.0078125,1.0,full-test decoder analysis for a trained CIH checkpoint; automatic rule diagnostics only
results\constraint_decoder_analysis.csv,runs\cih_s2s_formal_multiseed\seed_2026\input_config.yaml,runs\cih_s2s_formal_multiseed\seed_2026\best.pt,2026,49,In allen meinen Taten,soprano_to_satb,neural_argmax,Neural argmax,none,0,0,0,1.0,192,0.0019268998876214027,26,13.541666666666666,2.0833333333333335,4.6875,1.0416666666666667,0.0,0.0,0.0,full-test decoder analysis for a trained CIH checkpoint; automatic rule diagnostics only
results\constraint_decoder_analysis.csv,runs\cih_s2s_formal_multiseed\seed_2026\input_config.yaml,runs\cih_s2s_formal_multiseed\seed_2026\best.pt,2026,49,In allen meinen Taten,soprano_to_satb,local_rule_repair,Local repair,local_rule_repair,0,0,0,1.0,192,0.012589800171554089,25,13.020833333333334,2.0833333333333335,4.6875,0.0,0.0,0.0,0.0,full-test decoder analysis for a trained CIH checkpoint; automatic rule diagnostics only
results\constraint_decoder_analysis.csv,runs\cih_s2s_formal_multiseed\seed_2026\input_config.yaml,runs\cih_s2s_formal_multiseed\seed_2026\best.pt,2026,49,In allen meinen Taten,soprano_to_satb,beam_b2_k4,"Beam b=2, k=4",cih_beam,2,4,24,1.0,192,1.631907599978149,44,22.916666666666668,0.0,1.0416666666666667,0.0,0.0,0.010416666666666666,0.0,full-test decoder analysis for a trained CIH checkpoint; automatic rule diagnostics only
results\constraint_decoder_analysis.csv,runs\cih_s2s_formal_multiseed\seed_2026\input_config.yaml,runs\cih_s2s_formal_multiseed\seed_2026\best.pt,2026,49,In allen meinen Taten,soprano_to_satb,beam_b4_k8,"Beam b=4, k=8",cih_beam,4,8,48,1.0,192,6.4218775001354516,40,20.833333333333332,0.0,1.0416666666666667,0.0,0.0,0.010416666666666666,0.0,full-test decoder analysis for a trained CIH checkpoint; automatic rule diagnostics only
results\constraint_decoder_analysis.csv,runs\cih_s2s_formal_multiseed\seed_2026\input_config.yaml,runs\cih_s2s_formal_multiseed\seed_2026\best.pt,2026,49,In allen meinen Taten,soprano_to_satb,beam_b8_k12,"Beam b=8, k=12",cih_beam,8,12,96,1.0,192,26.96736799995415,31,16.145833333333332,0.0,1.0416666666666667,0.0,0.0,0.010416666666666666,0.0,full-test decoder analysis for a trained CIH checkpoint; automatic rule diagnostics only
results\constraint_decoder_analysis.csv,runs\cih_s2s_formal_multiseed\seed_2026\input_config.yaml,runs\cih_s2s_formal_multiseed\seed_2026\best.pt,2026,65,"Christ, unser Herr, zum Jordan kam",soprano_to_satb,neural_argmax,Neural argmax,none,0,0,0,1.0,224,0.002059499965980649,22,9.821428571428571,1.3392857142857142,2.6785714285714284,0.0,0.0,0.0,0.0,full-test decoder analysis for a trained CIH checkpoint; automatic rule diagnostics only
results\constraint_decoder_analysis.csv,runs\cih_s2s_formal_multiseed\seed_2026\input_config.yaml,runs\cih_s2s_formal_multiseed\seed_2026\best.pt,2026,65,"Christ, unser Herr, zum Jordan kam",soprano_to_satb,local_rule_repair,Local repair,local_rule_repair,0,0,0,1.0,224,0.01461470010690391,22,9.821428571428571,1.3392857142857142,2.6785714285714284,0.0,0.0,0.0,0.0,full-test decoder analysis for a trained CIH checkpoint; automatic rule diagnostics only
results\constraint_decoder_analysis.csv,runs\cih_s2s_formal_multiseed\seed_2026\input_config.yaml,runs\cih_s2s_formal_multiseed\seed_2026\best.pt,2026,65,"Christ, unser Herr, zum Jordan kam",soprano_to_satb,beam_b2_k4,"Beam b=2, k=4",cih_beam,2,4,24,1.0,224,2.9700438000727445,21,9.375,0.8928571428571429,0.0,0.44642857142857145,0.0,0.0,0.0,full-test decoder analysis for a trained CIH checkpoint; automatic rule diagnostics only
results\constraint_decoder_analysis.csv,runs\cih_s2s_formal_multiseed\seed_2026\input_config.yaml,runs\cih_s2s_formal_multiseed\seed_2026\best.pt,2026,65,"Christ, unser Herr, zum Jordan kam",soprano_to_satb,beam_b4_k8,"Beam b=4, k=8",cih_beam,4,8,48,1.0,224,7.979446199955419,20,8.928571428571429,0.8928571428571429,0.0,0.0,0.0,0.0,0.0,full-test decoder analysis for a trained CIH checkpoint; automatic rule diagnostics only
results\constraint_decoder_analysis.csv,runs\cih_s2s_formal_multiseed\seed_2026\input_config.yaml,runs\cih_s2s_formal_multiseed\seed_2026\best.pt,2026,65,"Christ, unser Herr, zum Jordan kam",soprano_to_satb,beam_b8_k12,"Beam b=8, k=12",cih_beam,8,12,96,1.0,224,33.45256690005772,22,9.821428571428571,0.44642857142857145,0.0,0.0,0.0,0.0,0.0,full-test decoder analysis for a trained CIH checkpoint; automatic rule diagnostics only
results\constraint_decoder_analysis.csv,runs\cih_s2s_formal_multiseed\seed_2026\input_config.yaml,runs\cih_s2s_formal_multiseed\seed_2026\best.pt,2026,97,O Haupt voll Blut und Wunden,soprano_to_satb,neural_argmax,Neural argmax,none,0,0,0,1.0,192,0.0020947998855262995,10,5.208333333333333,0.0,2.0833333333333335,0.0,0.0,0.005208333333333333,1.0,full-test decoder analysis for a trained CIH checkpoint; automatic rule diagnostics only
results\constraint_decoder_analysis.csv,runs\cih_s2s_formal_multiseed\seed_2026\input_config.yaml,runs\cih_s2s_formal_multiseed\seed_2026\best.pt,2026,97,O Haupt voll Blut und Wunden,soprano_to_satb,local_rule_repair,Local repair,local_rule_repair,0,0,0,1.0,192,0.01180069986730814,10,5.208333333333333,0.0,2.0833333333333335,0.0,0.0,0.005208333333333333,1.0,full-test decoder analysis for a trained CIH checkpoint; automatic rule diagnostics only
results\constraint_decoder_analysis.csv,runs\cih_s2s_formal_multiseed\seed_2026\input_config.yaml,runs\cih_s2s_formal_multiseed\seed_2026\best.pt,2026,97,O Haupt voll Blut und Wunden,soprano_to_satb,beam_b2_k4,"Beam b=2, k=4",cih_beam,2,4,24,1.0,192,1.4451617999002337,22,11.458333333333334,0.0,0.0,0.0,0.0,0.005208333333333333,0.0,full-test decoder analysis for a trained CIH checkpoint; automatic rule diagnostics only
results\constraint_decoder_analysis.csv,runs\cih_s2s_formal_multiseed\seed_2026\input_config.yaml,runs\cih_s2s_formal_multiseed\seed_2026\best.pt,2026,97,O Haupt voll Blut und Wunden,soprano_to_satb,beam_b4_k8,"Beam b=4, k=8",cih_beam,4,8,48,1.0,192,6.131212400039658,15,7.8125,0.0,0.0,0.0,0.0,0.005208333333333333,1.0,full-test decoder analysis for a trained CIH checkpoint; automatic rule diagnostics only
results\constraint_decoder_analysis.csv,runs\cih_s2s_formal_multiseed\seed_2026\input_config.yaml,runs\cih_s2s_formal_multiseed\seed_2026\best.pt,2026,97,O Haupt voll Blut und Wunden,soprano_to_satb,beam_b8_k12,"Beam b=8, k=12",cih_beam,8,12,96,1.0,192,29.546667200047523,15,7.8125,0.0,0.0,0.0,0.0,0.005208333333333333,1.0,full-test decoder analysis for a trained CIH checkpoint; automatic rule diagnostics only
results\constraint_decoder_analysis.csv,runs\cih_s2s_formal_multiseed\seed_2026\input_config.yaml,runs\cih_s2s_formal_multiseed\seed_2026\best.pt,2026,113,Von Gott will ich nicht lassen,soprano_to_satb,neural_argmax,Neural argmax,none,0,0,0,1.0,192,0.00172180007211864,18,9.375,1.0416666666666667,2.0833333333333335,0.0,0.0,0.005208333333333333,0.0,full-test decoder analysis for a trained CIH checkpoint; automatic rule diagnostics only
results\constraint_decoder_analysis.csv,runs\cih_s2s_formal_multiseed\seed_2026\input_config.yaml,runs\cih_s2s_formal_multiseed\seed_2026\best.pt,2026,113,Von Gott will ich nicht lassen,soprano_to_satb,local_rule_repair,Local repair,local_rule_repair,0,0,0,1.0,192,0.015232200035825372,18,9.375,1.0416666666666667,2.0833333333333335,0.0,0.0,0.005208333333333333,0.0,full-test decoder analysis for a trained CIH checkpoint; automatic rule diagnostics only
results\constraint_decoder_analysis.csv,runs\cih_s2s_formal_multiseed\seed_2026\input_config.yaml,runs\cih_s2s_formal_multiseed\seed_2026\best.pt,2026,113,Von Gott will ich nicht lassen,soprano_to_satb,beam_b2_k4,"Beam b=2, k=4",cih_beam,2,4,24,1.0,192,1.5830822999123484,29,15.104166666666666,0.0,0.5208333333333334,0.0,0.0,0.005208333333333333,0.0,full-test decoder analysis for a trained CIH checkpoint; automatic rule diagnostics only
results\constraint_decoder_analysis.csv,runs\cih_s2s_formal_multiseed\seed_2026\input_config.yaml,runs\cih_s2s_formal_multiseed\seed_2026\best.pt,2026,113,Von Gott will ich nicht lassen,soprano_to_satb,beam_b4_k8,"Beam b=4, k=8",cih_beam,4,8,48,1.0,192,6.489112900104374,27,14.0625,0.0,0.5208333333333334,0.0,0.0,0.005208333333333333,0.0,full-test decoder analysis for a trained CIH checkpoint; automatic rule diagnostics only
results\constraint_decoder_analysis.csv,runs\cih_s2s_formal_multiseed\seed_2026\input_config.yaml,runs\cih_s2s_formal_multiseed\seed_2026\best.pt,2026,113,Von Gott will ich nicht lassen,soprano_to_satb,beam_b8_k12,"Beam b=8, k=12",cih_beam,8,12,96,1.0,192,27.54548260010779,18,9.375,0.0,0.5208333333333334,0.0,0.0,0.005208333333333333,0.0,full-test decoder analysis for a trained CIH checkpoint; automatic rule diagnostics only
results\constraint_decoder_analysis.csv,runs\cih_s2s_formal_multiseed\seed_2026\input_config.yaml,runs\cih_s2s_formal_multiseed\seed_2026\best.pt,2026,115,"Nun lob’, mein’ Seel’, den Herren",soprano_to_satb,neural_argmax,Neural argmax,none,0,0,0,1.0,256,0.0030795999336987734,45,17.578125,1.171875,3.125,1.5625,4.6875,0.01171875,1.0,full-test decoder analysis for a trained CIH checkpoint; automatic rule diagnostics only
results\constraint_decoder_analysis.csv,runs\cih_s2s_formal_multiseed\seed_2026\input_config.yaml,runs\cih_s2s_formal_multiseed\seed_2026\best.pt,2026,115,"Nun lob’, mein’ Seel’, den Herren",soprano_to_satb,local_rule_repair,Local repair,local_rule_repair,0,0,0,1.0,256,0.019483299925923347,28,10.9375,1.171875,2.734375,0.0,0.0,0.01171875,1.0,full-test decoder analysis for a trained CIH checkpoint; automatic rule diagnostics only
results\constraint_decoder_analysis.csv,runs\cih_s2s_formal_multiseed\seed_2026\input_config.yaml,runs\cih_s2s_formal_multiseed\seed_2026\best.pt,2026,115,"Nun lob’, mein’ Seel’, den Herren",soprano_to_satb,beam_b2_k4,"Beam b=2, k=4",cih_beam,2,4,24,1.0,256,1.8910110001452267,43,16.796875,0.0,0.0,0.0,1.171875,0.015625,1.0,full-test decoder analysis for a trained CIH checkpoint; automatic rule diagnostics only
results\constraint_decoder_analysis.csv,runs\cih_s2s_formal_multiseed\seed_2026\input_config.yaml,runs\cih_s2s_formal_multiseed\seed_2026\best.pt,2026,115,"Nun lob’, mein’ Seel’, den Herren",soprano_to_satb,beam_b4_k8,"Beam b=4, k=8",cih_beam,4,8,48,1.0,256,8.205916999839246,30,11.71875,0.0,0.0,0.0,0.390625,0.015625,1.0,full-test decoder analysis for a trained CIH checkpoint; automatic rule diagnostics only
results\constraint_decoder_analysis.csv,runs\cih_s2s_formal_multiseed\seed_2026\input_config.yaml,runs\cih_s2s_formal_multiseed\seed_2026\best.pt,2026,115,"Nun lob’, mein’ Seel’, den Herren",soprano_to_satb,beam_b8_k12,"Beam b=8, k=12",cih_beam,8,12,96,1.0,256,36.91457440005615,28,10.9375,0.0,0.0,0.0,0.390625,0.015625,0.0,full-test decoder analysis for a trained CIH checkpoint; automatic rule diagnostics only
results\constraint_decoder_analysis.csv,runs\cih_s2s_formal_multiseed\seed_2026\input_config.yaml,runs\cih_s2s_formal_multiseed\seed_2026\best.pt,2026,118,"Christ, unser Herr, zum Jordan kam",soprano_to_satb,neural_argmax,Neural argmax,none,0,0,0,1.0,256,0.002388100139796734,29,11.328125,2.734375,4.6875,0.0,0.0,0.00390625,0.0,full-test decoder analysis for a trained CIH checkpoint; automatic rule diagnostics only
results\constraint_decoder_analysis.csv,runs\cih_s2s_formal_multiseed\seed_2026\input_config.yaml,runs\cih_s2s_formal_multiseed\seed_2026\best.pt,2026,118,"Christ, unser Herr, zum Jordan kam",soprano_to_satb,local_rule_repair,Local repair,local_rule_repair,0,0,0,1.0,256,0.01990219997242093,29,11.328125,2.734375,4.6875,0.0,0.0,0.00390625,0.0,full-test decoder analysis for a trained CIH checkpoint; automatic rule diagnostics only
results\constraint_decoder_analysis.csv,runs\cih_s2s_formal_multiseed\seed_2026\input_config.yaml,runs\cih_s2s_formal_multiseed\seed_2026\best.pt,2026,118,"Christ, unser Herr, zum Jordan kam",soprano_to_satb,beam_b2_k4,"Beam b=2, k=4",cih_beam,2,4,24,1.0,256,2.1091501999180764,39,15.234375,0.0,0.390625,0.0,0.0,0.01171875,0.0,full-test decoder analysis for a trained CIH checkpoint; automatic rule diagnostics only
results\constraint_decoder_analysis.csv,runs\cih_s2s_formal_multiseed\seed_2026\input_config.yaml,runs\cih_s2s_formal_multiseed\seed_2026\best.pt,2026,118,"Christ, unser Herr, zum Jordan kam",soprano_to_satb,beam_b4_k8,"Beam b=4, k=8",cih_beam,4,8,48,1.0,256,8.557168000144884,31,12.109375,0.0,0.390625,0.0,0.0,0.0234375,0.0,full-test decoder analysis for a trained CIH checkpoint; automatic rule diagnostics only
results\constraint_decoder_analysis.csv,runs\cih_s2s_formal_multiseed\seed_2026\input_config.yaml,runs\cih_s2s_formal_multiseed\seed_2026\best.pt,2026,118,"Christ, unser Herr, zum Jordan kam",soprano_to_satb,beam_b8_k12,"Beam b=8, k=12",cih_beam,8,12,96,1.0,256,37.883650299860165,26,10.15625,0.0,0.78125,0.0,0.0,0.015625,0.0,full-test decoder analysis for a trained CIH checkpoint; automatic rule diagnostics only
results\constraint_decoder_analysis.csv,runs\cih_s2s_formal_multiseed\seed_2026\input_config.yaml,runs\cih_s2s_formal_multiseed\seed_2026\best.pt,2026,132,Wir glauben all’ an einen Gott,soprano_to_satb,neural_argmax,Neural argmax,none,0,0,0,1.0,256,0.00258059985935688,40,15.625,2.734375,4.296875,1.5625,0.0,0.015625,0.0,full-test decoder analysis for a trained CIH checkpoint; automatic rule diagnostics only
results\constraint_decoder_analysis.csv,runs\cih_s2s_formal_multiseed\seed_2026\input_config.yaml,runs\cih_s2s_formal_multiseed\seed_2026\best.pt,2026,132,Wir glauben all’ an einen Gott,soprano_to_satb,local_rule_repair,Local repair,local_rule_repair,0,0,0,1.0,256,0.012780699878931046,35,13.671875,2.734375,4.296875,0.0,0.0,0.01171875,0.0,full-test decoder analysis for a trained CIH checkpoint; automatic rule diagnostics only
results\constraint_decoder_analysis.csv,runs\cih_s2s_formal_multiseed\seed_2026\input_config.yaml,runs\cih_s2s_formal_multiseed\seed_2026\best.pt,2026,132,Wir glauben all’ an einen Gott,soprano_to_satb,beam_b2_k4,"Beam b=2, k=4",cih_beam,2,4,24,1.0,256,1.9192570999730378,61,23.828125,0.78125,0.390625,0.390625,0.0,0.01171875,1.0,full-test decoder analysis for a trained CIH checkpoint; automatic rule diagnostics only
results\constraint_decoder_analysis.csv,runs\cih_s2s_formal_multiseed\seed_2026\input_config.yaml,runs\cih_s2s_formal_multiseed\seed_2026\best.pt,2026,132,Wir glauben all’ an einen Gott,soprano_to_satb,beam_b4_k8,"Beam b=4, k=8",cih_beam,4,8,48,1.0,256,8.476178699871525,50,19.53125,0.78125,0.390625,0.390625,0.0,0.01171875,1.0,full-test decoder analysis for a trained CIH checkpoint; automatic rule diagnostics only
results\constraint_decoder_analysis.csv,runs\cih_s2s_formal_multiseed\seed_2026\input_config.yaml,runs\cih_s2s_formal_multiseed\seed_2026\best.pt,2026,132,Wir glauben all’ an einen Gott,soprano_to_satb,beam_b8_k12,"Beam b=8, k=12",cih_beam,8,12,96,1.0,256,37.16623759991489,49,19.140625,0.78125,0.390625,0.390625,0.0,0.01171875,1.0,full-test decoder analysis for a trained CIH checkpoint; automatic rule diagnostics only
results\constraint_decoder_analysis.csv,runs\cih_s2s_formal_multiseed\seed_2026\input_config.yaml,runs\cih_s2s_formal_multiseed\seed_2026\best.pt,2026,149,"Welt, ade! ich bin dein müde",soprano_to_satb,neural_argmax,Neural argmax,none,0,0,0,1.0,256,0.0020922000985592604,42,16.40625,1.171875,5.859375,0.0,0.0,0.0,0.0,full-test decoder analysis for a trained CIH checkpoint; automatic rule diagnostics only
results\constraint_decoder_analysis.csv,runs\cih_s2s_formal_multiseed\seed_2026\input_config.yaml,runs\cih_s2s_formal_multiseed\seed_2026\best.pt,2026,149,"Welt, ade! ich bin dein müde",soprano_to_satb,local_rule_repair,Local repair,local_rule_repair,0,0,0,1.0,256,0.013785300077870488,42,16.40625,1.171875,5.859375,0.0,0.0,0.0,0.0,full-test decoder analysis for a trained CIH checkpoint; automatic rule diagnostics only
results\constraint_decoder_analysis.csv,runs\cih_s2s_formal_multiseed\seed_2026\input_config.yaml,runs\cih_s2s_formal_multiseed\seed_2026\best.pt,2026,149,"Welt, ade! ich bin dein müde",soprano_to_satb,beam_b2_k4,"Beam b=2, k=4",cih_beam,2,4,24,1.0,256,2.0005421999376267,50,19.53125,0.0,0.390625,0.0,0.0,0.00390625,0.0,full-test decoder analysis for a trained CIH checkpoint; automatic rule diagnostics only
results\constraint_decoder_analysis.csv,runs\cih_s2s_formal_multiseed\seed_2026\input_config.yaml,runs\cih_s2s_formal_multiseed\seed_2026\best.pt,2026,149,"Welt, ade! ich bin dein müde",soprano_to_satb,beam_b4_k8,"Beam b=4, k=8",cih_beam,4,8,48,1.0,256,8.394939299905673,47,18.359375,0.0,0.390625,0.0,0.0,0.00390625,0.0,full-test decoder analysis for a trained CIH checkpoint; automatic rule diagnostics only
results\constraint_decoder_analysis.csv,runs\cih_s2s_formal_multiseed\seed_2026\input_config.yaml,runs\cih_s2s_formal_multiseed\seed_2026\best.pt,2026,149,"Welt, ade! ich bin dein müde",soprano_to_satb,beam_b8_k12,"Beam b=8, k=12",cih_beam,8,12,96,1.0,256,34.13494439981878,36,14.0625,0.0,0.390625,0.0,0.0,0.00390625,0.0,full-test decoder analysis for a trained CIH checkpoint; automatic rule diagnostics only
results\constraint_decoder_analysis.csv,runs\cih_s2s_formal_multiseed\seed_2026\input_config.yaml,runs\cih_s2s_formal_multiseed\seed_2026\best.pt,2026,184,"Nun freut euch, Gottes Kinder all’",soprano_to_satb,neural_argmax,Neural argmax,none,0,0,0,1.0,128,0.001065300079062581,14,10.9375,2.34375,3.125,1.5625,0.0,0.015625,0.0,full-test decoder analysis for a trained CIH checkpoint; automatic rule diagnostics only
results\constraint_decoder_analysis.csv,runs\cih_s2s_formal_multiseed\seed_2026\input_config.yaml,runs\cih_s2s_formal_multiseed\seed_2026\best.pt,2026,184,"Nun freut euch, Gottes Kinder all’",soprano_to_satb,local_rule_repair,Local repair,local_rule_repair,0,0,0,1.0,128,0.006860800087451935,12,9.375,2.34375,3.125,0.0,0.0,0.015625,0.0,full-test decoder analysis for a trained CIH checkpoint; automatic rule diagnostics only
results\constraint_decoder_analysis.csv,runs\cih_s2s_formal_multiseed\seed_2026\input_config.yaml,runs\cih_s2s_formal_multiseed\seed_2026\best.pt,2026,184,"Nun freut euch, Gottes Kinder all’",soprano_to_satb,beam_b2_k4,"Beam b=2, k=4",cih_beam,2,4,24,1.0,128,0.7349475000519305,18,14.0625,0.0,0.0,0.78125,0.0,0.015625,0.0,full-test decoder analysis for a trained CIH checkpoint; automatic rule diagnostics only
results\constraint_decoder_analysis.csv,runs\cih_s2s_formal_multiseed\seed_2026\input_config.yaml,runs\cih_s2s_formal_multiseed\seed_2026\best.pt,2026,184,"Nun freut euch, Gottes Kinder all’",soprano_to_satb,beam_b4_k8,"Beam b=4, k=8",cih_beam,4,8,48,1.0,128,3.7392430000472814,18,14.0625,0.0,0.0,0.78125,0.0,0.015625,0.0,full-test decoder analysis for a trained CIH checkpoint; automatic rule diagnostics only
results\constraint_decoder_analysis.csv,runs\cih_s2s_formal_multiseed\seed_2026\input_config.yaml,runs\cih_s2s_formal_multiseed\seed_2026\best.pt,2026,184,"Nun freut euch, Gottes Kinder all’",soprano_to_satb,beam_b8_k12,"Beam b=8, k=12",cih_beam,8,12,96,1.0,128,16.336624999996275,17,13.28125,0.0,0.0,0.0,0.0,0.015625,0.0,full-test decoder analysis for a trained CIH checkpoint; automatic rule diagnostics only
results\constraint_decoder_analysis.csv,runs\cih_s2s_formal_multiseed\seed_2026\input_config.yaml,runs\cih_s2s_formal_multiseed\seed_2026\best.pt,2026,191,"Gottlob, es geht nunmehr zu Ende",soprano_to_satb,neural_argmax,Neural argmax,none,0,0,0,1.0,192,0.0020660001318901777,23,11.979166666666666,0.0,3.125,0.0,0.0,0.010416666666666666,0.0,full-test decoder analysis for a trained CIH checkpoint; automatic rule diagnostics only
results\constraint_decoder_analysis.csv,runs\cih_s2s_formal_multiseed\seed_2026\input_config.yaml,runs\cih_s2s_formal_multiseed\seed_2026\best.pt,2026,191,"Gottlob, es geht nunmehr zu Ende",soprano_to_satb,local_rule_repair,Local repair,local_rule_repair,0,0,0,1.0,192,0.009784800000488758,23,11.979166666666666,0.0,3.125,0.0,0.0,0.010416666666666666,0.0,full-test decoder analysis for a trained CIH checkpoint; automatic rule diagnostics only
results\constraint_decoder_analysis.csv,runs\cih_s2s_formal_multiseed\seed_2026\input_config.yaml,runs\cih_s2s_formal_multiseed\seed_2026\best.pt,2026,191,"Gottlob, es geht nunmehr zu Ende",soprano_to_satb,beam_b2_k4,"Beam b=2, k=4",cih_beam,2,4,24,1.0,192,1.173236500006169,32,16.666666666666668,0.0,0.5208333333333334,0.0,0.5208333333333334,0.0,0.0,full-test decoder analysis for a trained CIH checkpoint; automatic rule diagnostics only
results\constraint_decoder_analysis.csv,runs\cih_s2s_formal_multiseed\seed_2026\input_config.yaml,runs\cih_s2s_formal_multiseed\seed_2026\best.pt,2026,191,"Gottlob, es geht nunmehr zu Ende",soprano_to_satb,beam_b4_k8,"Beam b=4, k=8",cih_beam,4,8,48,1.0,192,5.628102199872956,30,15.625,0.0,0.5208333333333334,0.0,0.5208333333333334,0.0,0.0,full-test decoder analysis for a trained CIH checkpoint; automatic rule diagnostics only
results\constraint_decoder_analysis.csv,runs\cih_s2s_formal_multiseed\seed_2026\input_config.yaml,runs\cih_s2s_formal_multiseed\seed_2026\best.pt,2026,191,"Gottlob, es geht nunmehr zu Ende",soprano_to_satb,beam_b8_k12,"Beam b=8, k=12",cih_beam,8,12,96,1.0,192,24.464195099892095,25,13.020833333333334,0.0,0.5208333333333334,0.0,0.5208333333333334,0.0,0.0,full-test decoder analysis for a trained CIH checkpoint; automatic rule diagnostics only
results\constraint_decoder_analysis.csv,runs\cih_s2s_formal_multiseed\seed_2026\input_config.yaml,runs\cih_s2s_formal_multiseed\seed_2026\best.pt,2026,193,"Liebster Immanuel, Herzog der Frommen",soprano_to_satb,neural_argmax,Neural argmax,none,0,0,0,1.0,256,0.0013113000895828009,11,4.296875,0.78125,0.78125,0.0,0.0,0.00390625,1.0,full-test decoder analysis for a trained CIH checkpoint; automatic rule diagnostics only
results\constraint_decoder_analysis.csv,runs\cih_s2s_formal_multiseed\seed_2026\input_config.yaml,runs\cih_s2s_formal_multiseed\seed_2026\best.pt,2026,193,"Liebster Immanuel, Herzog der Frommen",soprano_to_satb,local_rule_repair,Local repair,local_rule_repair,0,0,0,1.0,256,0.01747580012306571,11,4.296875,0.78125,0.78125,0.0,0.0,0.00390625,1.0,full-test decoder analysis for a trained CIH checkpoint; automatic rule diagnostics only
results\constraint_decoder_analysis.csv,runs\cih_s2s_formal_multiseed\seed_2026\input_config.yaml,runs\cih_s2s_formal_multiseed\seed_2026\best.pt,2026,193,"Liebster Immanuel, Herzog der Frommen",soprano_to_satb,beam_b2_k4,"Beam b=2, k=4",cih_beam,2,4,24,1.0,256,2.018794400151819,35,13.671875,0.0,0.0,0.0,0.0,0.0078125,1.0,full-test decoder analysis for a trained CIH checkpoint; automatic rule diagnostics only
results\constraint_decoder_analysis.csv,runs\cih_s2s_formal_multiseed\seed_2026\input_config.yaml,runs\cih_s2s_formal_multiseed\seed_2026\best.pt,2026,193,"Liebster Immanuel, Herzog der Frommen",soprano_to_satb,beam_b4_k8,"Beam b=4, k=8",cih_beam,4,8,48,1.0,256,7.529054099926725,26,10.15625,0.0,0.0,0.0,0.0,0.0078125,1.0,full-test decoder analysis for a trained CIH checkpoint; automatic rule diagnostics only
results\constraint_decoder_analysis.csv,runs\cih_s2s_formal_multiseed\seed_2026\input_config.yaml,runs\cih_s2s_formal_multiseed\seed_2026\best.pt,2026,193,"Liebster Immanuel, Herzog der Frommen",soprano_to_satb,beam_b8_k12,"Beam b=8, k=12",cih_beam,8,12,96,1.0,256,33.24557100003585,26,10.15625,0.0,0.0,0.0,0.0,0.0078125,1.0,full-test decoder analysis for a trained CIH checkpoint; automatic rule diagnostics only
results\constraint_decoder_analysis.csv,runs\cih_s2s_formal_multiseed\seed_2026\input_config.yaml,runs\cih_s2s_formal_multiseed\seed_2026\best.pt,2026,199,"Christus ist erstanden, hat überwunden",soprano_to_satb,neural_argmax,Neural argmax,none,0,0,0,1.0,240,0.0027281998191028833,20,8.333333333333334,1.6666666666666667,2.5,0.0,0.0,0.016666666666666666,1.0,full-test decoder analysis for a trained CIH checkpoint; automatic rule diagnostics only
results\constraint_decoder_analysis.csv,runs\cih_s2s_formal_multiseed\seed_2026\input_config.yaml,runs\cih_s2s_formal_multiseed\seed_2026\best.pt,2026,199,"Christus ist erstanden, hat überwunden",soprano_to_satb,local_rule_repair,Local repair,local_rule_repair,0,0,0,1.0,240,0.012201800011098385,20,8.333333333333334,1.6666666666666667,2.5,0.0,0.0,0.016666666666666666,1.0,full-test decoder analysis for a trained CIH checkpoint; automatic rule diagnostics only
results\constraint_decoder_analysis.csv,runs\cih_s2s_formal_multiseed\seed_2026\input_config.yaml,runs\cih_s2s_formal_multiseed\seed_2026\best.pt,2026,199,"Christus ist erstanden, hat überwunden",soprano_to_satb,beam_b2_k4,"Beam b=2, k=4",cih_beam,2,4,24,1.0,240,1.5948447999544442,19,7.916666666666667,0.0,0.0,0.0,0.0,0.004166666666666667,0.0,full-test decoder analysis for a trained CIH checkpoint; automatic rule diagnostics only
results\constraint_decoder_analysis.csv,runs\cih_s2s_formal_multiseed\seed_2026\input_config.yaml,runs\cih_s2s_formal_multiseed\seed_2026\best.pt,2026,199,"Christus ist erstanden, hat überwunden",soprano_to_satb,beam_b4_k8,"Beam b=4, k=8",cih_beam,4,8,48,1.0,240,6.864447199972346,17,7.083333333333333,0.0,0.4166666666666667,0.0,0.0,0.004166666666666667,0.0,full-test decoder analysis for a trained CIH checkpoint; automatic rule diagnostics only
results\constraint_decoder_analysis.csv,runs\cih_s2s_formal_multiseed\seed_2026\input_config.yaml,runs\cih_s2s_formal_multiseed\seed_2026\best.pt,2026,199,"Christus ist erstanden, hat überwunden",soprano_to_satb,beam_b8_k12,"Beam b=8, k=12",cih_beam,8,12,96,1.0,240,31.71314110001549,11,4.583333333333333,0.0,0.0,0.0,0.0,0.004166666666666667,0.0,full-test decoder analysis for a trained CIH checkpoint; automatic rule diagnostics only
results\constraint_decoder_analysis.csv,runs\cih_s2s_formal_multiseed\seed_2026\input_config.yaml,runs\cih_s2s_formal_multiseed\seed_2026\best.pt,2026,206,Des Heil’gen Geistes reiche Gnad’,soprano_to_satb,neural_argmax,Neural argmax,none,0,0,0,1.0,192,0.0014508001040667295,13,6.770833333333333,0.5208333333333334,2.0833333333333335,0.0,0.0,0.0,0.0,full-test decoder analysis for a trained CIH checkpoint; automatic rule diagnostics only
results\constraint_decoder_analysis.csv,runs\cih_s2s_formal_multiseed\seed_2026\input_config.yaml,runs\cih_s2s_formal_multiseed\seed_2026\best.pt,2026,206,Des Heil’gen Geistes reiche Gnad’,soprano_to_satb,local_rule_repair,Local repair,local_rule_repair,0,0,0,1.0,192,0.012286599958315492,13,6.770833333333333,0.5208333333333334,2.0833333333333335,0.0,0.0,0.0,0.0,full-test decoder analysis for a trained CIH checkpoint; automatic rule diagnostics only
results\constraint_decoder_analysis.csv,runs\cih_s2s_formal_multiseed\seed_2026\input_config.yaml,runs\cih_s2s_formal_multiseed\seed_2026\best.pt,2026,206,Des Heil’gen Geistes reiche Gnad’,soprano_to_satb,beam_b2_k4,"Beam b=2, k=4",cih_beam,2,4,24,1.0,192,1.2838300000876188,28,14.583333333333334,0.0,0.0,0.0,0.0,0.020833333333333332,0.0,full-test decoder analysis for a trained CIH checkpoint; automatic rule diagnostics only
results\constraint_decoder_analysis.csv,runs\cih_s2s_formal_multiseed\seed_2026\input_config.yaml,runs\cih_s2s_formal_multiseed\seed_2026\best.pt,2026,206,Des Heil’gen Geistes reiche Gnad’,soprano_to_satb,beam_b4_k8,"Beam b=4, k=8",cih_beam,4,8,48,1.0,192,6.417802599957213,27,14.0625,0.0,0.0,0.0,0.0,0.020833333333333332,0.0,full-test decoder analysis for a trained CIH checkpoint; automatic rule diagnostics only
results\constraint_decoder_analysis.csv,runs\cih_s2s_formal_multiseed\seed_2026\input_config.yaml,runs\cih_s2s_formal_multiseed\seed_2026\best.pt,2026,206,Des Heil’gen Geistes reiche Gnad’,soprano_to_satb,beam_b8_k12,"Beam b=8, k=12",cih_beam,8,12,96,1.0,192,25.095313100144267,23,11.979166666666666,0.0,0.0,0.0,0.0,0.020833333333333332,0.0,full-test decoder analysis for a trained CIH checkpoint; automatic rule diagnostics only
results\constraint_decoder_analysis.csv,runs\cih_s2s_formal_multiseed\seed_2026\input_config.yaml,runs\cih_s2s_formal_multiseed\seed_2026\best.pt,2026,212,"O wie selig seid ihr doch, ihr Frommen",soprano_to_satb,neural_argmax,Neural argmax,none,0,0,0,1.0,176,0.0029136999510228634,17,9.659090909090908,2.272727272727273,2.272727272727273,0.0,0.0,0.011363636363636364,0.0,full-test decoder analysis for a trained CIH checkpoint; automatic rule diagnostics only
results\constraint_decoder_analysis.csv,runs\cih_s2s_formal_multiseed\seed_2026\input_config.yaml,runs\cih_s2s_formal_multiseed\seed_2026\best.pt,2026,212,"O wie selig seid ihr doch, ihr Frommen",soprano_to_satb,local_rule_repair,Local repair,local_rule_repair,0,0,0,1.0,176,0.011120899813249707,17,9.659090909090908,2.272727272727273,2.272727272727273,0.0,0.0,0.011363636363636364,0.0,full-test decoder analysis for a trained CIH checkpoint; automatic rule diagnostics only
results\constraint_decoder_analysis.csv,runs\cih_s2s_formal_multiseed\seed_2026\input_config.yaml,runs\cih_s2s_formal_multiseed\seed_2026\best.pt,2026,212,"O wie selig seid ihr doch, ihr Frommen",soprano_to_satb,beam_b2_k4,"Beam b=2, k=4",cih_beam,2,4,24,1.0,176,1.1583545999601483,22,12.5,0.0,1.1363636363636365,0.0,0.0,0.005681818181818182,0.0,full-test decoder analysis for a trained CIH checkpoint; automatic rule diagnostics only
results\constraint_decoder_analysis.csv,runs\cih_s2s_formal_multiseed\seed_2026\input_config.yaml,runs\cih_s2s_formal_multiseed\seed_2026\best.pt,2026,212,"O wie selig seid ihr doch, ihr Frommen",soprano_to_satb,beam_b4_k8,"Beam b=4, k=8",cih_beam,4,8,48,1.0,176,4.985768100013956,20,11.363636363636363,0.0,1.1363636363636365,0.0,0.0,0.005681818181818182,0.0,full-test decoder analysis for a trained CIH checkpoint; automatic rule diagnostics only
results\constraint_decoder_analysis.csv,runs\cih_s2s_formal_multiseed\seed_2026\input_config.yaml,runs\cih_s2s_formal_multiseed\seed_2026\best.pt,2026,212,"O wie selig seid ihr doch, ihr Frommen",soprano_to_satb,beam_b8_k12,"Beam b=8, k=12",cih_beam,8,12,96,1.0,176,23.451226599980146,17,9.659090909090908,0.0,0.5681818181818182,0.0,0.0,0.005681818181818182,0.0,full-test decoder analysis for a trained CIH checkpoint; automatic rule diagnostics only
results\constraint_decoder_analysis.csv,runs\cih_s2s_formal_multiseed\seed_2026\input_config.yaml,runs\cih_s2s_formal_multiseed\seed_2026\best.pt,2026,214,Verleih’ uns Frieden gnädiglich,soprano_to_satb,neural_argmax,Neural argmax,none,0,0,0,1.0,256,0.0021280001383274794,20,7.8125,2.34375,1.171875,0.0,0.0,0.015625,1.0,full-test decoder analysis for a trained CIH checkpoint; automatic rule diagnostics only
results\constraint_decoder_analysis.csv,runs\cih_s2s_formal_multiseed\seed_2026\input_config.yaml,runs\cih_s2s_formal_multiseed\seed_2026\best.pt,2026,214,Verleih’ uns Frieden gnädiglich,soprano_to_satb,local_rule_repair,Local repair,local_rule_repair,0,0,0,1.0,256,0.015592999989166856,20,7.8125,2.34375,1.171875,0.0,0.0,0.015625,1.0,full-test decoder analysis for a trained CIH checkpoint; automatic rule diagnostics only
results\constraint_decoder_analysis.csv,runs\cih_s2s_formal_multiseed\seed_2026\input_config.yaml,runs\cih_s2s_formal_multiseed\seed_2026\best.pt,2026,214,Verleih’ uns Frieden gnädiglich,soprano_to_satb,beam_b2_k4,"Beam b=2, k=4",cih_beam,2,4,24,1.0,256,1.703074200078845,23,8.984375,0.390625,0.0,0.0,0.0,0.01171875,0.0,full-test decoder analysis for a trained CIH checkpoint; automatic rule diagnostics only
results\constraint_decoder_analysis.csv,runs\cih_s2s_formal_multiseed\seed_2026\input_config.yaml,runs\cih_s2s_formal_multiseed\seed_2026\best.pt,2026,214,Verleih’ uns Frieden gnädiglich,soprano_to_satb,beam_b4_k8,"Beam b=4, k=8",cih_beam,4,8,48,1.0,256,7.333306800108403,20,7.8125,0.0,0.0,0.0,0.0,0.01171875,0.0,full-test decoder analysis for a trained CIH checkpoint; automatic rule diagnostics only
results\constraint_decoder_analysis.csv,runs\cih_s2s_formal_multiseed\seed_2026\input_config.yaml,runs\cih_s2s_formal_multiseed\seed_2026\best.pt,2026,214,Verleih’ uns Frieden gnädiglich,soprano_to_satb,beam_b8_k12,"Beam b=8, k=12",cih_beam,8,12,96,1.0,256,33.5782884999644,17,6.640625,0.0,0.0,0.0,0.0,0.01171875,0.0,full-test decoder analysis for a trained CIH checkpoint; automatic rule diagnostics only
results\constraint_decoder_analysis.csv,runs\cih_s2s_formal_multiseed\seed_2026\input_config.yaml,runs\cih_s2s_formal_multiseed\seed_2026\best.pt,2026,229,"Christ, der du bist der helle Tag",soprano_to_satb,neural_argmax,Neural argmax,none,0,0,0,1.0,160,0.0018089001532644033,21,13.125,0.0,2.5,0.0,0.0,0.00625,1.0,full-test decoder analysis for a trained CIH checkpoint; automatic rule diagnostics only
results\constraint_decoder_analysis.csv,runs\cih_s2s_formal_multiseed\seed_2026\input_config.yaml,runs\cih_s2s_formal_multiseed\seed_2026\best.pt,2026,229,"Christ, der du bist der helle Tag",soprano_to_satb,local_rule_repair,Local repair,local_rule_repair,0,0,0,1.0,160,0.010158200049772859,21,13.125,0.0,2.5,0.0,0.0,0.00625,1.0,full-test decoder analysis for a trained CIH checkpoint; automatic rule diagnostics only
results\constraint_decoder_analysis.csv,runs\cih_s2s_formal_multiseed\seed_2026\input_config.yaml,runs\cih_s2s_formal_multiseed\seed_2026\best.pt,2026,229,"Christ, der du bist der helle Tag",soprano_to_satb,beam_b2_k4,"Beam b=2, k=4",cih_beam,2,4,24,1.0,160,1.3473227999638766,55,34.375,0.625,0.0,0.0,0.0,0.0,1.0,full-test decoder analysis for a trained CIH checkpoint; automatic rule diagnostics only
results\constraint_decoder_analysis.csv,runs\cih_s2s_formal_multiseed\seed_2026\input_config.yaml,runs\cih_s2s_formal_multiseed\seed_2026\best.pt,2026,229,"Christ, der du bist der helle Tag",soprano_to_satb,beam_b4_k8,"Beam b=4, k=8",cih_beam,4,8,48,1.0,160,4.416084000142291,52,32.5,0.625,0.0,0.0,0.0,0.0,1.0,full-test decoder analysis for a trained CIH checkpoint; automatic rule diagnostics only
results\constraint_decoder_analysis.csv,runs\cih_s2s_formal_multiseed\seed_2026\input_config.yaml,runs\cih_s2s_formal_multiseed\seed_2026\best.pt,2026,229,"Christ, der du bist der helle Tag",soprano_to_satb,beam_b8_k12,"Beam b=8, k=12",cih_beam,8,12,96,1.0,160,20.30519159999676,38,23.75,0.625,0.0,0.0,0.0,0.0,1.0,full-test decoder analysis for a trained CIH checkpoint; automatic rule diagnostics only
results\constraint_decoder_analysis.csv,runs\cih_s2s_formal_multiseed\seed_2026\input_config.yaml,runs\cih_s2s_formal_multiseed\seed_2026\best.pt,2026,251,"Jesu, nun sei gepreiset",soprano_to_satb,neural_argmax,Neural argmax,none,0,0,0,1.0,256,0.005340500036254525,29,11.328125,0.0,1.953125,0.0,1.5625,0.015625,1.0,full-test decoder analysis for a trained CIH checkpoint; automatic rule diagnostics only
results\constraint_decoder_analysis.csv,runs\cih_s2s_formal_multiseed\seed_2026\input_config.yaml,runs\cih_s2s_formal_multiseed\seed_2026\best.pt,2026,251,"Jesu, nun sei gepreiset",soprano_to_satb,local_rule_repair,Local repair,local_rule_repair,0,0,0,1.0,256,0.02050120010972023,29,11.328125,0.0,1.953125,0.0,1.5625,0.015625,1.0,full-test decoder analysis for a trained CIH checkpoint; automatic rule diagnostics only
results\constraint_decoder_analysis.csv,runs\cih_s2s_formal_multiseed\seed_2026\input_config.yaml,runs\cih_s2s_formal_multiseed\seed_2026\best.pt,2026,251,"Jesu, nun sei gepreiset",soprano_to_satb,beam_b2_k4,"Beam b=2, k=4",cih_beam,2,4,24,1.0,256,1.571779099991545,50,19.53125,0.390625,0.0,0.0,0.0,0.01953125,1.0,full-test decoder analysis for a trained CIH checkpoint; automatic rule diagnostics only
results\constraint_decoder_analysis.csv,runs\cih_s2s_formal_multiseed\seed_2026\input_config.yaml,runs\cih_s2s_formal_multiseed\seed_2026\best.pt,2026,251,"Jesu, nun sei gepreiset",soprano_to_satb,beam_b4_k8,"Beam b=4, k=8",cih_beam,4,8,48,1.0,256,7.089177899993956,44,17.1875,0.390625,0.0,0.0,0.0,0.0234375,1.0,full-test decoder analysis for a trained CIH checkpoint; automatic rule diagnostics only
results\constraint_decoder_analysis.csv,runs\cih_s2s_formal_multiseed\seed_2026\input_config.yaml,runs\cih_s2s_formal_multiseed\seed_2026\best.pt,2026,251,"Jesu, nun sei gepreiset",soprano_to_satb,beam_b8_k12,"Beam b=8, k=12",cih_beam,8,12,96,1.0,256,32.66018689982593,38,14.84375,0.390625,0.0,0.0,0.0,0.0234375,1.0,full-test decoder analysis for a trained CIH checkpoint; automatic rule diagnostics only
results\constraint_decoder_analysis.csv,runs\cih_s2s_formal_multiseed\seed_2026\input_config.yaml,runs\cih_s2s_formal_multiseed\seed_2026\best.pt,2026,256,"Nun laßt uns Gott, dem Herren",soprano_to_satb,neural_argmax,Neural argmax,none,0,0,0,1.0,196,0.0016315998509526253,18,9.183673469387756,1.0204081632653061,3.061224489795918,0.0,0.0,0.00510204081632653,0.0,full-test decoder analysis for a trained CIH checkpoint; automatic rule diagnostics only
results\constraint_decoder_analysis.csv,runs\cih_s2s_formal_multiseed\seed_2026\input_config.yaml,runs\cih_s2s_formal_multiseed\seed_2026\best.pt,2026,256,"Nun laßt uns Gott, dem Herren",soprano_to_satb,local_rule_repair,Local repair,local_rule_repair,0,0,0,1.0,196,0.012949199881404638,18,9.183673469387756,1.0204081632653061,3.061224489795918,0.0,0.0,0.00510204081632653,0.0,full-test decoder analysis for a trained CIH checkpoint; automatic rule diagnostics only
results\constraint_decoder_analysis.csv,runs\cih_s2s_formal_multiseed\seed_2026\input_config.yaml,runs\cih_s2s_formal_multiseed\seed_2026\best.pt,2026,256,"Nun laßt uns Gott, dem Herren",soprano_to_satb,beam_b2_k4,"Beam b=2, k=4",cih_beam,2,4,24,1.0,196,1.3707198000047356,24,12.244897959183673,0.0,0.0,0.0,0.0,0.0,0.0,full-test decoder analysis for a trained CIH checkpoint; automatic rule diagnostics only
results\constraint_decoder_analysis.csv,runs\cih_s2s_formal_multiseed\seed_2026\input_config.yaml,runs\cih_s2s_formal_multiseed\seed_2026\best.pt,2026,256,"Nun laßt uns Gott, dem Herren",soprano_to_satb,beam_b4_k8,"Beam b=4, k=8",cih_beam,4,8,48,1.0,196,5.747263400116935,22,11.224489795918368,0.0,0.0,0.0,0.0,0.0,0.0,full-test decoder analysis for a trained CIH checkpoint; automatic rule diagnostics only
results\constraint_decoder_analysis.csv,runs\cih_s2s_formal_multiseed\seed_2026\input_config.yaml,runs\cih_s2s_formal_multiseed\seed_2026\best.pt,2026,256,"Nun laßt uns Gott, dem Herren",soprano_to_satb,beam_b8_k12,"Beam b=8, k=12",cih_beam,8,12,96,1.0,196,24.97437180019915,22,11.224489795918368,0.0,0.0,0.0,0.0,0.00510204081632653,0.0,full-test decoder analysis for a trained CIH checkpoint; automatic rule diagnostics only
results\constraint_decoder_analysis.csv,runs\cih_s2s_formal_multiseed\seed_2026\input_config.yaml,runs\cih_s2s_formal_multiseed\seed_2026\best.pt,2026,269,Befiehl du deine Wege,soprano_to_satb,neural_argmax,Neural argmax,none,0,0,0,1.0,192,0.003264700062572956,18,9.375,3.125,5.208333333333333,0.0,0.0,0.005208333333333333,0.0,full-test decoder analysis for a trained CIH checkpoint; automatic rule diagnostics only
results\constraint_decoder_analysis.csv,runs\cih_s2s_formal_multiseed\seed_2026\input_config.yaml,runs\cih_s2s_formal_multiseed\seed_2026\best.pt,2026,269,Befiehl du deine Wege,soprano_to_satb,local_rule_repair,Local repair,local_rule_repair,0,0,0,1.0,192,0.012202499900013208,18,9.375,3.125,5.208333333333333,0.0,0.0,0.005208333333333333,0.0,full-test decoder analysis for a trained CIH checkpoint; automatic rule diagnostics only
results\constraint_decoder_analysis.csv,runs\cih_s2s_formal_multiseed\seed_2026\input_config.yaml,runs\cih_s2s_formal_multiseed\seed_2026\best.pt,2026,269,Befiehl du deine Wege,soprano_to_satb,beam_b2_k4,"Beam b=2, k=4",cih_beam,2,4,24,1.0,192,1.260669399984181,15,7.8125,0.0,0.0,0.0,0.0,0.005208333333333333,0.0,full-test decoder analysis for a trained CIH checkpoint; automatic rule diagnostics only
results\constraint_decoder_analysis.csv,runs\cih_s2s_formal_multiseed\seed_2026\input_config.yaml,runs\cih_s2s_formal_multiseed\seed_2026\best.pt,2026,269,Befiehl du deine Wege,soprano_to_satb,beam_b4_k8,"Beam b=4, k=8",cih_beam,4,8,48,1.0,192,5.516097800107673,11,5.729166666666667,0.0,0.0,0.0,0.0,0.005208333333333333,0.0,full-test decoder analysis for a trained CIH checkpoint; automatic rule diagnostics only
results\constraint_decoder_analysis.csv,runs\cih_s2s_formal_multiseed\seed_2026\input_config.yaml,runs\cih_s2s_formal_multiseed\seed_2026\best.pt,2026,269,Befiehl du deine Wege,soprano_to_satb,beam_b8_k12,"Beam b=8, k=12",cih_beam,8,12,96,1.0,192,25.605947999982163,9,4.6875,0.0,0.0,0.0,0.0,0.005208333333333333,0.0,full-test decoder analysis for a trained CIH checkpoint; automatic rule diagnostics only
results\constraint_decoder_analysis.csv,runs\cih_s2s_formal_multiseed\seed_2026\input_config.yaml,runs\cih_s2s_formal_multiseed\seed_2026\best.pt,2026,276,"Herzlich lieb hab’ ich dich, o Herr",soprano_to_satb,neural_argmax,Neural argmax,none,0,0,0,1.0,256,0.002911000046879053,29,11.328125,2.734375,2.734375,0.0,0.0,0.01171875,0.0,full-test decoder analysis for a trained CIH checkpoint; automatic rule diagnostics only
results\constraint_decoder_analysis.csv,runs\cih_s2s_formal_multiseed\seed_2026\input_config.yaml,runs\cih_s2s_formal_multiseed\seed_2026\best.pt,2026,276,"Herzlich lieb hab’ ich dich, o Herr",soprano_to_satb,local_rule_repair,Local repair,local_rule_repair,0,0,0,1.0,256,0.01768609997816384,29,11.328125,2.734375,2.734375,0.0,0.0,0.01171875,0.0,full-test decoder analysis for a trained CIH checkpoint; automatic rule diagnostics only
results\constraint_decoder_analysis.csv,runs\cih_s2s_formal_multiseed\seed_2026\input_config.yaml,runs\cih_s2s_formal_multiseed\seed_2026\best.pt,2026,276,"Herzlich lieb hab’ ich dich, o Herr",soprano_to_satb,beam_b2_k4,"Beam b=2, k=4",cih_beam,2,4,24,1.0,256,1.4964864000212401,31,12.109375,0.0,0.390625,0.0,0.0,0.01171875,1.0,full-test decoder analysis for a trained CIH checkpoint; automatic rule diagnostics only
results\constraint_decoder_analysis.csv,runs\cih_s2s_formal_multiseed\seed_2026\input_config.yaml,runs\cih_s2s_formal_multiseed\seed_2026\best.pt,2026,276,"Herzlich lieb hab’ ich dich, o Herr",soprano_to_satb,beam_b4_k8,"Beam b=4, k=8",cih_beam,4,8,48,1.0,256,7.64011129993014,31,12.109375,0.0,0.390625,0.0,0.0,0.01171875,1.0,full-test decoder analysis for a trained CIH checkpoint; automatic rule diagnostics only
results\constraint_decoder_analysis.csv,runs\cih_s2s_formal_multiseed\seed_2026\input_config.yaml,runs\cih_s2s_formal_multiseed\seed_2026\best.pt,2026,276,"Herzlich lieb hab’ ich dich, o Herr",soprano_to_satb,beam_b8_k12,"Beam b=8, k=12",cih_beam,8,12,96,1.0,256,33.76963560003787,29,11.328125,0.0,0.0,0.0,0.0,0.01171875,1.0,full-test decoder analysis for a trained CIH checkpoint; automatic rule diagnostics only
results\constraint_decoder_analysis.csv,runs\cih_s2s_formal_multiseed\seed_2026\input_config.yaml,runs\cih_s2s_formal_multiseed\seed_2026\best.pt,2026,280,Wo soll ich fliehen hin,soprano_to_satb,neural_argmax,Neural argmax,none,0,0,0,1.0,192,0.0014557999093085527,18,9.375,1.0416666666666667,2.6041666666666665,0.0,0.0,0.005208333333333333,0.0,full-test decoder analysis for a trained CIH checkpoint; automatic rule diagnostics only
results\constraint_decoder_analysis.csv,runs\cih_s2s_formal_multiseed\seed_2026\input_config.yaml,runs\cih_s2s_formal_multiseed\seed_2026\best.pt,2026,280,Wo soll ich fliehen hin,soprano_to_satb,local_rule_repair,Local repair,local_rule_repair,0,0,0,1.0,192,0.014781099976971745,18,9.375,1.0416666666666667,2.6041666666666665,0.0,0.0,0.005208333333333333,0.0,full-test decoder analysis for a trained CIH checkpoint; automatic rule diagnostics only
results\constraint_decoder_analysis.csv,runs\cih_s2s_formal_multiseed\seed_2026\input_config.yaml,runs\cih_s2s_formal_multiseed\seed_2026\best.pt,2026,280,Wo soll ich fliehen hin,soprano_to_satb,beam_b2_k4,"Beam b=2, k=4",cih_beam,2,4,24,1.0,192,1.364157099975273,37,19.270833333333332,0.0,0.0,0.0,0.0,0.005208333333333333,0.0,full-test decoder analysis for a trained CIH checkpoint; automatic rule diagnostics only
results\constraint_decoder_analysis.csv,runs\cih_s2s_formal_multiseed\seed_2026\input_config.yaml,runs\cih_s2s_formal_multiseed\seed_2026\best.pt,2026,280,Wo soll ich fliehen hin,soprano_to_satb,beam_b4_k8,"Beam b=4, k=8",cih_beam,4,8,48,1.0,192,5.607806500047445,31,16.145833333333332,0.0,0.0,0.0,0.0,0.005208333333333333,0.0,full-test decoder analysis for a trained CIH checkpoint; automatic rule diagnostics only
results\constraint_decoder_analysis.csv,runs\cih_s2s_formal_multiseed\seed_2026\input_config.yaml,runs\cih_s2s_formal_multiseed\seed_2026\best.pt,2026,280,Wo soll ich fliehen hin,soprano_to_satb,beam_b8_k12,"Beam b=8, k=12",cih_beam,8,12,96,1.0,192,25.149318600073457,24,12.5,0.0,0.0,0.0,0.0,0.005208333333333333,0.0,full-test decoder analysis for a trained CIH checkpoint; automatic rule diagnostics only
results\constraint_decoder_analysis.csv,runs\cih_s2s_formal_multiseed\seed_2026\input_config.yaml,runs\cih_s2s_formal_multiseed\seed_2026\best.pt,2026,282,"Jesu, meine Freude",soprano_to_satb,neural_argmax,Neural argmax,none,0,0,0,1.0,208,0.0014405001420527697,20,9.615384615384615,1.9230769230769231,2.8846153846153846,0.0,0.0,0.019230769230769232,0.0,full-test decoder analysis for a trained CIH checkpoint; automatic rule diagnostics only
results\constraint_decoder_analysis.csv,runs\cih_s2s_formal_multiseed\seed_2026\input_config.yaml,runs\cih_s2s_formal_multiseed\seed_2026\best.pt,2026,282,"Jesu, meine Freude",soprano_to_satb,local_rule_repair,Local repair,local_rule_repair,0,0,0,1.0,208,0.009140999987721443,20,9.615384615384615,1.9230769230769231,2.8846153846153846,0.0,0.0,0.019230769230769232,0.0,full-test decoder analysis for a trained CIH checkpoint; automatic rule diagnostics only
results\constraint_decoder_analysis.csv,runs\cih_s2s_formal_multiseed\seed_2026\input_config.yaml,runs\cih_s2s_formal_multiseed\seed_2026\best.pt,2026,282,"Jesu, meine Freude",soprano_to_satb,beam_b2_k4,"Beam b=2, k=4",cih_beam,2,4,24,1.0,208,1.2993699999060482,37,17.78846153846154,0.0,0.4807692307692308,0.0,0.0,0.014423076923076924,0.0,full-test decoder analysis for a trained CIH checkpoint; automatic rule diagnostics only
results\constraint_decoder_analysis.csv,runs\cih_s2s_formal_multiseed\seed_2026\input_config.yaml,runs\cih_s2s_formal_multiseed\seed_2026\best.pt,2026,282,"Jesu, meine Freude",soprano_to_satb,beam_b4_k8,"Beam b=4, k=8",cih_beam,4,8,48,1.0,208,6.362464300123975,35,16.826923076923077,0.0,0.4807692307692308,0.0,0.0,0.014423076923076924,0.0,full-test decoder analysis for a trained CIH checkpoint; automatic rule diagnostics only
results\constraint_decoder_analysis.csv,runs\cih_s2s_formal_multiseed\seed_2026\input_config.yaml,runs\cih_s2s_formal_multiseed\seed_2026\best.pt,2026,282,"Jesu, meine Freude",soprano_to_satb,beam_b8_k12,"Beam b=8, k=12",cih_beam,8,12,96,1.0,208,26.87667979998514,28,13.461538461538462,0.0,0.0,0.0,0.0,0.014423076923076924,0.0,full-test decoder analysis for a trained CIH checkpoint; automatic rule diagnostics only
results\constraint_decoder_analysis.csv,runs\cih_s2s_formal_multiseed\seed_2026\input_config.yaml,runs\cih_s2s_formal_multiseed\seed_2026\best.pt,2026,292,"Was Gott tut, das ist wohlgetan",soprano_to_satb,neural_argmax,Neural argmax,none,0,0,0,1.0,160,0.0014853000175207853,26,16.25,0.625,3.75,0.0,2.5,0.0,0.0,full-test decoder analysis for a trained CIH checkpoint; automatic rule diagnostics only
results\constraint_decoder_analysis.csv,runs\cih_s2s_formal_multiseed\seed_2026\input_config.yaml,runs\cih_s2s_formal_multiseed\seed_2026\best.pt,2026,292,"Was Gott tut, das ist wohlgetan",soprano_to_satb,local_rule_repair,Local repair,local_rule_repair,0,0,0,1.0,160,0.011276500066742301,22,13.75,0.625,3.75,0.0,0.0,0.0,0.0,full-test decoder analysis for a trained CIH checkpoint; automatic rule diagnostics only
results\constraint_decoder_analysis.csv,runs\cih_s2s_formal_multiseed\seed_2026\input_config.yaml,runs\cih_s2s_formal_multiseed\seed_2026\best.pt,2026,292,"Was Gott tut, das ist wohlgetan",soprano_to_satb,beam_b2_k4,"Beam b=2, k=4",cih_beam,2,4,24,1.0,160,1.2357916999608278,37,23.125,0.0,1.25,0.0,0.0,0.0,0.0,full-test decoder analysis for a trained CIH checkpoint; automatic rule diagnostics only
results\constraint_decoder_analysis.csv,runs\cih_s2s_formal_multiseed\seed_2026\input_config.yaml,runs\cih_s2s_formal_multiseed\seed_2026\best.pt,2026,292,"Was Gott tut, das ist wohlgetan",soprano_to_satb,beam_b4_k8,"Beam b=4, k=8",cih_beam,4,8,48,1.0,160,4.546870900085196,35,21.875,0.0,1.25,0.0,0.0,0.0,0.0,full-test decoder analysis for a trained CIH checkpoint; automatic rule diagnostics only
results\constraint_decoder_analysis.csv,runs\cih_s2s_formal_multiseed\seed_2026\input_config.yaml,runs\cih_s2s_formal_multiseed\seed_2026\best.pt,2026,292,"Was Gott tut, das ist wohlgetan",soprano_to_satb,beam_b8_k12,"Beam b=8, k=12",cih_beam,8,12,96,1.0,160,20.271521599963307,30,18.75,0.0,0.625,0.0,0.0,0.0,0.0,full-test decoder analysis for a trained CIH checkpoint; automatic rule diagnostics only
results\constraint_decoder_analysis.csv,runs\cih_s2s_formal_multiseed\seed_2026\input_config.yaml,runs\cih_s2s_formal_multiseed\seed_2026\best.pt,2026,296,"Jesu, der du meine Seele",soprano_to_satb,neural_argmax,Neural argmax,none,0,0,0,1.0,256,0.0021796999499201775,31,12.109375,1.5625,3.125,0.0,0.0,0.00390625,0.0,full-test decoder analysis for a trained CIH checkpoint; automatic rule diagnostics only
results\constraint_decoder_analysis.csv,runs\cih_s2s_formal_multiseed\seed_2026\input_config.yaml,runs\cih_s2s_formal_multiseed\seed_2026\best.pt,2026,296,"Jesu, der du meine Seele",soprano_to_satb,local_rule_repair,Local repair,local_rule_repair,0,0,0,1.0,256,0.012865399941802025,31,12.109375,1.5625,3.125,0.0,0.0,0.00390625,0.0,full-test decoder analysis for a trained CIH checkpoint; automatic rule diagnostics only
results\constraint_decoder_analysis.csv,runs\cih_s2s_formal_multiseed\seed_2026\input_config.yaml,runs\cih_s2s_formal_multiseed\seed_2026\best.pt,2026,296,"Jesu, der du meine Seele",soprano_to_satb,beam_b2_k4,"Beam b=2, k=4",cih_beam,2,4,24,1.0,256,1.9785599999595433,48,18.75,0.0,0.390625,0.0,0.0,0.0078125,0.0,full-test decoder analysis for a trained CIH checkpoint; automatic rule diagnostics only
results\constraint_decoder_analysis.csv,runs\cih_s2s_formal_multiseed\seed_2026\input_config.yaml,runs\cih_s2s_formal_multiseed\seed_2026\best.pt,2026,296,"Jesu, der du meine Seele",soprano_to_satb,beam_b4_k8,"Beam b=4, k=8",cih_beam,4,8,48,1.0,256,7.553541200002655,49,19.140625,0.0,0.390625,0.0,0.0,0.0078125,0.0,full-test decoder analysis for a trained CIH checkpoint; automatic rule diagnostics only
results\constraint_decoder_analysis.csv,runs\cih_s2s_formal_multiseed\seed_2026\input_config.yaml,runs\cih_s2s_formal_multiseed\seed_2026\best.pt,2026,296,"Jesu, der du meine Seele",soprano_to_satb,beam_b8_k12,"Beam b=8, k=12",cih_beam,8,12,96,1.0,256,34.045892799971625,43,16.796875,0.0,0.0,0.0,0.0,0.01171875,0.0,full-test decoder analysis for a trained CIH checkpoint; automatic rule diagnostics only
results\constraint_decoder_analysis.csv,runs\cih_s2s_formal_multiseed\seed_2026\input_config.yaml,runs\cih_s2s_formal_multiseed\seed_2026\best.pt,2026,298,Meinen Jesum laß ich nicht,soprano_to_satb,neural_argmax,Neural argmax,none,0,0,0,1.0,208,0.0026495999190956354,24,11.538461538461538,0.0,1.4423076923076923,0.0,0.0,0.028846153846153848,1.0,full-test decoder analysis for a trained CIH checkpoint; automatic rule diagnostics only
results\constraint_decoder_analysis.csv,runs\cih_s2s_formal_multiseed\seed_2026\input_config.yaml,runs\cih_s2s_formal_multiseed\seed_2026\best.pt,2026,298,Meinen Jesum laß ich nicht,soprano_to_satb,local_rule_repair,Local repair,local_rule_repair,0,0,0,1.0,208,0.010077799903228879,24,11.538461538461538,0.0,1.4423076923076923,0.0,0.0,0.028846153846153848,1.0,full-test decoder analysis for a trained CIH checkpoint; automatic rule diagnostics only
results\constraint_decoder_analysis.csv,runs\cih_s2s_formal_multiseed\seed_2026\input_config.yaml,runs\cih_s2s_formal_multiseed\seed_2026\best.pt,2026,298,Meinen Jesum laß ich nicht,soprano_to_satb,beam_b2_k4,"Beam b=2, k=4",cih_beam,2,4,24,1.0,208,1.6707517998293042,33,15.865384615384615,0.0,0.4807692307692308,0.0,0.0,0.02403846153846154,0.0,full-test decoder analysis for a trained CIH checkpoint; automatic rule diagnostics only
results\constraint_decoder_analysis.csv,runs\cih_s2s_formal_multiseed\seed_2026\input_config.yaml,runs\cih_s2s_formal_multiseed\seed_2026\best.pt,2026,298,Meinen Jesum laß ich nicht,soprano_to_satb,beam_b4_k8,"Beam b=4, k=8",cih_beam,4,8,48,1.0,208,6.350666600046679,28,13.461538461538462,0.0,0.4807692307692308,0.0,0.0,0.02403846153846154,0.0,full-test decoder analysis for a trained CIH checkpoint; automatic rule diagnostics only
results\constraint_decoder_analysis.csv,runs\cih_s2s_formal_multiseed\seed_2026\input_config.yaml,runs\cih_s2s_formal_multiseed\seed_2026\best.pt,2026,298,Meinen Jesum laß ich nicht,soprano_to_satb,beam_b8_k12,"Beam b=8, k=12",cih_beam,8,12,96,1.0,208,27.52915419987403,26,12.5,0.0,0.4807692307692308,0.0,0.0,0.02403846153846154,0.0,full-test decoder analysis for a trained CIH checkpoint; automatic rule diagnostics only
results\constraint_decoder_analysis.csv,runs\cih_s2s_formal_multiseed\seed_2026\input_config.yaml,runs\cih_s2s_formal_multiseed\seed_2026\best.pt,2026,309,"Mach’s mit mir, Gott, nach deiner Güt’",soprano_to_satb,neural_argmax,Neural argmax,none,0,0,0,1.0,128,0.0011515000369399786,20,15.625,0.0,5.46875,1.5625,0.0,0.0078125,0.0,full-test decoder analysis for a trained CIH checkpoint; automatic rule diagnostics only
results\constraint_decoder_analysis.csv,runs\cih_s2s_formal_multiseed\seed_2026\input_config.yaml,runs\cih_s2s_formal_multiseed\seed_2026\best.pt,2026,309,"Mach’s mit mir, Gott, nach deiner Güt’",soprano_to_satb,local_rule_repair,Local repair,local_rule_repair,0,0,0,1.0,128,0.00822310009971261,18,14.0625,0.0,5.46875,0.0,0.0,0.0078125,0.0,full-test decoder analysis for a trained CIH checkpoint; automatic rule diagnostics only
results\constraint_decoder_analysis.csv,runs\cih_s2s_formal_multiseed\seed_2026\input_config.yaml,runs\cih_s2s_formal_multiseed\seed_2026\best.pt,2026,309,"Mach’s mit mir, Gott, nach deiner Güt’",soprano_to_satb,beam_b2_k4,"Beam b=2, k=4",cih_beam,2,4,24,1.0,128,0.7343514000531286,27,21.09375,0.0,0.78125,0.0,0.0,0.0,0.0,full-test decoder analysis for a trained CIH checkpoint; automatic rule diagnostics only
results\constraint_decoder_analysis.csv,runs\cih_s2s_formal_multiseed\seed_2026\input_config.yaml,runs\cih_s2s_formal_multiseed\seed_2026\best.pt,2026,309,"Mach’s mit mir, Gott, nach deiner Güt’",soprano_to_satb,beam_b4_k8,"Beam b=4, k=8",cih_beam,4,8,48,1.0,128,3.3927879999391735,26,20.3125,0.0,0.0,0.0,0.0,0.0,0.0,full-test decoder analysis for a trained CIH checkpoint; automatic rule diagnostics only
results\constraint_decoder_analysis.csv,runs\cih_s2s_formal_multiseed\seed_2026\input_config.yaml,runs\cih_s2s_formal_multiseed\seed_2026\best.pt,2026,309,"Mach’s mit mir, Gott, nach deiner Güt’",soprano_to_satb,beam_b8_k12,"Beam b=8, k=12",cih_beam,8,12,96,1.0,128,16.03739230008796,26,20.3125,0.78125,0.78125,0.0,0.0,0.0,0.0,full-test decoder analysis for a trained CIH checkpoint; automatic rule diagnostics only
results\constraint_decoder_analysis.csv,runs\cih_s2s_formal_multiseed\seed_2026\input_config.yaml,runs\cih_s2s_formal_multiseed\seed_2026\best.pt,2026,322,Wie schön leuchtet der Morgenstern,soprano_to_satb,neural_argmax,Neural argmax,none,0,0,0,1.0,224,0.0023924000561237335,29,12.946428571428571,2.6785714285714284,3.125,0.0,0.0,0.004464285714285714,0.0,full-test decoder analysis for a trained CIH checkpoint; automatic rule diagnostics only
results\constraint_decoder_analysis.csv,runs\cih_s2s_formal_multiseed\seed_2026\input_config.yaml,runs\cih_s2s_formal_multiseed\seed_2026\best.pt,2026,322,Wie schön leuchtet der Morgenstern,soprano_to_satb,local_rule_repair,Local repair,local_rule_repair,0,0,0,1.0,224,0.010625299997627735,29,12.946428571428571,2.6785714285714284,3.125,0.0,0.0,0.004464285714285714,0.0,full-test decoder analysis for a trained CIH checkpoint; automatic rule diagnostics only
results\constraint_decoder_analysis.csv,runs\cih_s2s_formal_multiseed\seed_2026\input_config.yaml,runs\cih_s2s_formal_multiseed\seed_2026\best.pt,2026,322,Wie schön leuchtet der Morgenstern,soprano_to_satb,beam_b2_k4,"Beam b=2, k=4",cih_beam,2,4,24,1.0,224,1.6789917999412864,51,22.767857142857142,0.0,0.44642857142857145,0.0,0.0,0.004464285714285714,0.0,full-test decoder analysis for a trained CIH checkpoint; automatic rule diagnostics only
results\constraint_decoder_analysis.csv,runs\cih_s2s_formal_multiseed\seed_2026\input_config.yaml,runs\cih_s2s_formal_multiseed\seed_2026\best.pt,2026,322,Wie schön leuchtet der Morgenstern,soprano_to_satb,beam_b4_k8,"Beam b=4, k=8",cih_beam,4,8,48,1.0,224,6.996779099805281,49,21.875,0.0,0.44642857142857145,0.0,0.0,0.004464285714285714,0.0,full-test decoder analysis for a trained CIH checkpoint; automatic rule diagnostics only
results\constraint_decoder_analysis.csv,runs\cih_s2s_formal_multiseed\seed_2026\input_config.yaml,runs\cih_s2s_formal_multiseed\seed_2026\best.pt,2026,322,Wie schön leuchtet der Morgenstern,soprano_to_satb,beam_b8_k12,"Beam b=8, k=12",cih_beam,8,12,96,1.0,224,28.17180290003307,40,17.857142857142858,0.0,0.8928571428571429,0.0,0.0,0.004464285714285714,0.0,full-test decoder analysis for a trained CIH checkpoint; automatic rule diagnostics only
results\constraint_decoder_analysis.csv,runs\cih_s2s_formal_multiseed\seed_2026\input_config.yaml,runs\cih_s2s_formal_multiseed\seed_2026\best.pt,2026,335,Wo Gott der Herr nicht bei uns hält,soprano_to_satb,neural_argmax,Neural argmax,none,0,0,0,1.0,160,0.001816099975258112,21,13.125,0.625,2.5,0.0,2.5,0.0,0.0,full-test decoder analysis for a trained CIH checkpoint; automatic rule diagnostics only
results\constraint_decoder_analysis.csv,runs\cih_s2s_formal_multiseed\seed_2026\input_config.yaml,runs\cih_s2s_formal_multiseed\seed_2026\best.pt,2026,335,Wo Gott der Herr nicht bei uns hält,soprano_to_satb,local_rule_repair,Local repair,local_rule_repair,0,0,0,1.0,160,0.009241900173947215,16,10.0,0.625,2.5,0.0,0.0,0.0,0.0,full-test decoder analysis for a trained CIH checkpoint; automatic rule diagnostics only
results\constraint_decoder_analysis.csv,runs\cih_s2s_formal_multiseed\seed_2026\input_config.yaml,runs\cih_s2s_formal_multiseed\seed_2026\best.pt,2026,335,Wo Gott der Herr nicht bei uns hält,soprano_to_satb,beam_b2_k4,"Beam b=2, k=4",cih_beam,2,4,24,1.0,160,1.2903858001809567,17,10.625,0.0,0.0,0.0,0.0,0.0,0.0,full-test decoder analysis for a trained CIH checkpoint; automatic rule diagnostics only
results\constraint_decoder_analysis.csv,runs\cih_s2s_formal_multiseed\seed_2026\input_config.yaml,runs\cih_s2s_formal_multiseed\seed_2026\best.pt,2026,335,Wo Gott der Herr nicht bei uns hält,soprano_to_satb,beam_b4_k8,"Beam b=4, k=8",cih_beam,4,8,48,1.0,160,4.43231420009397,17,10.625,0.0,0.0,0.0,0.0,0.0,0.0,full-test decoder analysis for a trained CIH checkpoint; automatic rule diagnostics only
results\constraint_decoder_analysis.csv,runs\cih_s2s_formal_multiseed\seed_2026\input_config.yaml,runs\cih_s2s_formal_multiseed\seed_2026\best.pt,2026,335,Wo Gott der Herr nicht bei uns hält,soprano_to_satb,beam_b8_k12,"Beam b=8, k=12",cih_beam,8,12,96,1.0,160,21.192429000046104,14,8.75,0.0,0.0,0.0,0.0,0.0,0.0,full-test decoder analysis for a trained CIH checkpoint; automatic rule diagnostics only
results\constraint_decoder_analysis.csv,runs\cih_s2s_formal_multiseed\seed_2026\input_config.yaml,runs\cih_s2s_formal_multiseed\seed_2026\best.pt,2026,348,Ich hab’ in Gottes Herz und Sinn,soprano_to_satb,neural_argmax,Neural argmax,none,0,0,0,1.0,192,0.0020343000069260597,23,11.979166666666666,2.0833333333333335,3.125,0.0,0.0,0.0,0.0,full-test decoder analysis for a trained CIH checkpoint; automatic rule diagnostics only
results\constraint_decoder_analysis.csv,runs\cih_s2s_formal_multiseed\seed_2026\input_config.yaml,runs\cih_s2s_formal_multiseed\seed_2026\best.pt,2026,348,Ich hab’ in Gottes Herz und Sinn,soprano_to_satb,local_rule_repair,Local repair,local_rule_repair,0,0,0,1.0,192,0.012625199975445867,23,11.979166666666666,2.0833333333333335,3.125,0.0,0.0,0.0,0.0,full-test decoder analysis for a trained CIH checkpoint; automatic rule diagnostics only
results\constraint_decoder_analysis.csv,runs\cih_s2s_formal_multiseed\seed_2026\input_config.yaml,runs\cih_s2s_formal_multiseed\seed_2026\best.pt,2026,348,Ich hab’ in Gottes Herz und Sinn,soprano_to_satb,beam_b2_k4,"Beam b=2, k=4",cih_beam,2,4,24,1.0,192,1.3334703999571502,25,13.020833333333334,0.0,0.5208333333333334,0.0,0.0,0.0,0.0,full-test decoder analysis for a trained CIH checkpoint; automatic rule diagnostics only
results\constraint_decoder_analysis.csv,runs\cih_s2s_formal_multiseed\seed_2026\input_config.yaml,runs\cih_s2s_formal_multiseed\seed_2026\best.pt,2026,348,Ich hab’ in Gottes Herz und Sinn,soprano_to_satb,beam_b4_k8,"Beam b=4, k=8",cih_beam,4,8,48,1.0,192,5.5261983999516815,24,12.5,0.0,0.5208333333333334,0.0,0.0,0.0,0.0,full-test decoder analysis for a trained CIH checkpoint; automatic rule diagnostics only
results\constraint_decoder_analysis.csv,runs\cih_s2s_formal_multiseed\seed_2026\input_config.yaml,runs\cih_s2s_formal_multiseed\seed_2026\best.pt,2026,348,Ich hab’ in Gottes Herz und Sinn,soprano_to_satb,beam_b8_k12,"Beam b=8, k=12",cih_beam,8,12,96,1.0,192,25.15564060001634,23,11.979166666666666,0.0,0.5208333333333334,0.0,0.0,0.0,0.0,full-test decoder analysis for a trained CIH checkpoint; automatic rule diagnostics only
results\constraint_decoder_analysis.csv,runs\cih_s2s_formal_multiseed\seed_2026\input_config.yaml,runs\cih_s2s_formal_multiseed\seed_2026\best.pt,2026,351,Es woll’ uns Gott genädig sein,soprano_to_satb,neural_argmax,Neural argmax,none,0,0,0,1.0,256,0.003502800129354,40,15.625,2.734375,4.296875,3.125,0.0,0.015625,0.0,full-test decoder analysis for a trained CIH checkpoint; automatic rule diagnostics only
results\constraint_decoder_analysis.csv,runs\cih_s2s_formal_multiseed\seed_2026\input_config.yaml,runs\cih_s2s_formal_multiseed\seed_2026\best.pt,2026,351,Es woll’ uns Gott genädig sein,soprano_to_satb,local_rule_repair,Local repair,local_rule_repair,0,0,0,1.0,256,0.01980709983035922,33,12.890625,2.734375,4.6875,0.0,0.0,0.015625,0.0,full-test decoder analysis for a trained CIH checkpoint; automatic rule diagnostics only
results\constraint_decoder_analysis.csv,runs\cih_s2s_formal_multiseed\seed_2026\input_config.yaml,runs\cih_s2s_formal_multiseed\seed_2026\best.pt,2026,351,Es woll’ uns Gott genädig sein,soprano_to_satb,beam_b2_k4,"Beam b=2, k=4",cih_beam,2,4,24,1.0,256,1.5847971001639962,37,14.453125,0.78125,1.171875,0.0,0.0,0.01171875,0.0,full-test decoder analysis for a trained CIH checkpoint; automatic rule diagnostics only
results\constraint_decoder_analysis.csv,runs\cih_s2s_formal_multiseed\seed_2026\input_config.yaml,runs\cih_s2s_formal_multiseed\seed_2026\best.pt,2026,351,Es woll’ uns Gott genädig sein,soprano_to_satb,beam_b4_k8,"Beam b=4, k=8",cih_beam,4,8,48,1.0,256,7.6266757000703365,32,12.5,0.390625,0.390625,0.0,0.0,0.0078125,0.0,full-test decoder analysis for a trained CIH checkpoint; automatic rule diagnostics only
results\constraint_decoder_analysis.csv,runs\cih_s2s_formal_multiseed\seed_2026\input_config.yaml,runs\cih_s2s_formal_multiseed\seed_2026\best.pt,2026,351,Es woll’ uns Gott genädig sein,soprano_to_satb,beam_b8_k12,"Beam b=8, k=12",cih_beam,8,12,96,1.0,256,33.16718350001611,33,12.890625,0.390625,0.390625,0.0,0.0,0.015625,0.0,full-test decoder analysis for a trained CIH checkpoint; automatic rule diagnostics only
results\constraint_decoder_analysis.csv,runs\cih_s2s_formal_multiseed\seed_2026\input_config.yaml,runs\cih_s2s_formal_multiseed\seed_2026\best.pt,2026,356,Warum sollt’ ich mich denn grämen,soprano_to_satb,neural_argmax,Neural argmax,none,0,0,0,1.0,208,0.0016295001842081547,26,12.5,0.9615384615384616,3.3653846153846154,0.0,0.0,0.004807692307692308,0.0,full-test decoder analysis for a trained CIH checkpoint; automatic rule diagnostics only
results\constraint_decoder_analysis.csv,runs\cih_s2s_formal_multiseed\seed_2026\input_config.yaml,runs\cih_s2s_formal_multiseed\seed_2026\best.pt,2026,356,Warum sollt’ ich mich denn grämen,soprano_to_satb,local_rule_repair,Local repair,local_rule_repair,0,0,0,1.0,208,0.010295799933373928,26,12.5,0.9615384615384616,3.3653846153846154,0.0,0.0,0.004807692307692308,0.0,full-test decoder analysis for a trained CIH checkpoint; automatic rule diagnostics only
results\constraint_decoder_analysis.csv,runs\cih_s2s_formal_multiseed\seed_2026\input_config.yaml,runs\cih_s2s_formal_multiseed\seed_2026\best.pt,2026,356,Warum sollt’ ich mich denn grämen,soprano_to_satb,beam_b2_k4,"Beam b=2, k=4",cih_beam,2,4,24,1.0,208,1.1892277000006288,38,18.26923076923077,0.0,0.4807692307692308,0.0,0.0,0.014423076923076924,1.0,full-test decoder analysis for a trained CIH checkpoint; automatic rule diagnostics only
results\constraint_decoder_analysis.csv,runs\cih_s2s_formal_multiseed\seed_2026\input_config.yaml,runs\cih_s2s_formal_multiseed\seed_2026\best.pt,2026,356,Warum sollt’ ich mich denn grämen,soprano_to_satb,beam_b4_k8,"Beam b=4, k=8",cih_beam,4,8,48,1.0,208,5.975899100070819,36,17.307692307692307,0.0,0.0,0.0,0.0,0.014423076923076924,1.0,full-test decoder analysis for a trained CIH checkpoint; automatic rule diagnostics only
results\constraint_decoder_analysis.csv,runs\cih_s2s_formal_multiseed\seed_2026\input_config.yaml,runs\cih_s2s_formal_multiseed\seed_2026\best.pt,2026,356,Warum sollt’ ich mich denn grämen,soprano_to_satb,beam_b8_k12,"Beam b=8, k=12",cih_beam,8,12,96,1.0,208,27.105087300064042,31,14.903846153846153,0.0,0.0,0.0,0.0,0.014423076923076924,1.0,full-test decoder analysis for a trained CIH checkpoint; automatic rule diagnostics only
results\constraint_decoder_analysis.csv,runs\cih_s2s_formal_multiseed\seed_2026\input_config.yaml,runs\cih_s2s_formal_multiseed\seed_2026\best.pt,2026,359,Wir Christenleut’,soprano_to_satb,neural_argmax,Neural argmax,none,0,0,0,1.0,176,0.0016870999243110418,16,9.090909090909092,1.7045454545454546,3.977272727272727,0.0,0.0,0.0,0.0,full-test decoder analysis for a trained CIH checkpoint; automatic rule diagnostics only
results\constraint_decoder_analysis.csv,runs\cih_s2s_formal_multiseed\seed_2026\input_config.yaml,runs\cih_s2s_formal_multiseed\seed_2026\best.pt,2026,359,Wir Christenleut’,soprano_to_satb,local_rule_repair,Local repair,local_rule_repair,0,0,0,1.0,176,0.012060300214216113,16,9.090909090909092,1.7045454545454546,3.977272727272727,0.0,0.0,0.0,0.0,full-test decoder analysis for a trained CIH checkpoint; automatic rule diagnostics only
results\constraint_decoder_analysis.csv,runs\cih_s2s_formal_multiseed\seed_2026\input_config.yaml,runs\cih_s2s_formal_multiseed\seed_2026\best.pt,2026,359,Wir Christenleut’,soprano_to_satb,beam_b2_k4,"Beam b=2, k=4",cih_beam,2,4,24,1.0,176,1.4070663000456989,29,16.477272727272727,0.0,1.7045454545454546,0.0,0.0,0.005681818181818182,0.0,full-test decoder analysis for a trained CIH checkpoint; automatic rule diagnostics only
results\constraint_decoder_analysis.csv,runs\cih_s2s_formal_multiseed\seed_2026\input_config.yaml,runs\cih_s2s_formal_multiseed\seed_2026\best.pt,2026,359,Wir Christenleut’,soprano_to_satb,beam_b4_k8,"Beam b=4, k=8",cih_beam,4,8,48,1.0,176,5.098501899978146,27,15.340909090909092,0.0,1.7045454545454546,0.0,0.0,0.005681818181818182,0.0,full-test decoder analysis for a trained CIH checkpoint; automatic rule diagnostics only
results\constraint_decoder_analysis.csv,runs\cih_s2s_formal_multiseed\seed_2026\input_config.yaml,runs\cih_s2s_formal_multiseed\seed_2026\best.pt,2026,359,Wir Christenleut’,soprano_to_satb,beam_b8_k12,"Beam b=8, k=12",cih_beam,8,12,96,1.0,176,23.078951200004667,27,15.340909090909092,0.0,1.7045454545454546,0.0,0.0,0.005681818181818182,0.0,full-test decoder analysis for a trained CIH checkpoint; automatic rule diagnostics only
results\constraint_decoder_analysis.csv,runs\cih_s2s_formal_multiseed\seed_2026\input_config.yaml,runs\cih_s2s_formal_multiseed\seed_2026\best.pt,2026,361,Es ist gewißlich an der Zeit,soprano_to_satb,neural_argmax,Neural argmax,none,0,0,0,1.0,160,0.0016711000353097916,36,22.5,2.5,6.25,0.0,0.0,0.00625,0.0,full-test decoder analysis for a trained CIH checkpoint; automatic rule diagnostics only
results\constraint_decoder_analysis.csv,runs\cih_s2s_formal_multiseed\seed_2026\input_config.yaml,runs\cih_s2s_formal_multiseed\seed_2026\best.pt,2026,361,Es ist gewißlich an der Zeit,soprano_to_satb,local_rule_repair,Local repair,local_rule_repair,0,0,0,1.0,160,0.01141000003553927,36,22.5,2.5,6.25,0.0,0.0,0.00625,0.0,full-test decoder analysis for a trained CIH checkpoint; automatic rule diagnostics only
results\constraint_decoder_analysis.csv,runs\cih_s2s_formal_multiseed\seed_2026\input_config.yaml,runs\cih_s2s_formal_multiseed\seed_2026\best.pt,2026,361,Es ist gewißlich an der Zeit,soprano_to_satb,beam_b2_k4,"Beam b=2, k=4",cih_beam,2,4,24,1.0,160,1.2926966999657452,40,25.0,0.625,1.25,0.0,0.0,0.00625,0.0,full-test decoder analysis for a trained CIH checkpoint; automatic rule diagnostics only
results\constraint_decoder_analysis.csv,runs\cih_s2s_formal_multiseed\seed_2026\input_config.yaml,runs\cih_s2s_formal_multiseed\seed_2026\best.pt,2026,361,Es ist gewißlich an der Zeit,soprano_to_satb,beam_b4_k8,"Beam b=4, k=8",cih_beam,4,8,48,1.0,160,4.6922589999157935,40,25.0,0.625,1.25,0.0,0.0,0.0125,0.0,full-test decoder analysis for a trained CIH checkpoint; automatic rule diagnostics only
results\constraint_decoder_analysis.csv,runs\cih_s2s_formal_multiseed\seed_2026\input_config.yaml,runs\cih_s2s_formal_multiseed\seed_2026\best.pt,2026,361,Es ist gewißlich an der Zeit,soprano_to_satb,beam_b8_k12,"Beam b=8, k=12",cih_beam,8,12,96,1.0,160,19.667151700006798,36,22.5,0.625,0.0,0.0,0.0,0.0125,0.0,full-test decoder analysis for a trained CIH checkpoint; automatic rule diagnostics only
