model,task,rule_guided_decoding,rule,count,per_100_timesteps
proposed_neural_symbolic_masked_infilling,masked_infill,True,hidden_direct_fifth,25,0.3294675803900896
proposed_neural_symbolic_masked_infilling,masked_infill,True,hidden_direct_octave,27,0.35582498682129676
proposed_neural_symbolic_masked_infilling,masked_infill,True,leading_tone_resolution,1498,19.74169741697417
proposed_neural_symbolic_masked_infilling,masked_infill,True,melodic_leap_recovery,296,3.900896151818661
proposed_neural_symbolic_masked_infilling,masked_infill,True,parallel_fifth,82,1.080653663679494
proposed_neural_symbolic_masked_infilling,masked_infill,True,parallel_octave,132,1.739588824459673
proposed_neural_symbolic_masked_infilling,masked_infill,True,seventh_resolution,274,3.6109646810753824
proposed_neural_symbolic_masked_infilling,masked_infill,True,spacing,5,0.06589351607801792
proposed_neural_symbolic_masked_infilling,masked_infill,True,voice_crossing,44,0.5798629414865577
proposed_neural_symbolic_soprano_to_satb,soprano_to_satb,True,hidden_direct_fifth,15,0.19768054823405376
proposed_neural_symbolic_soprano_to_satb,soprano_to_satb,True,hidden_direct_octave,3,0.03953610964681075
proposed_neural_symbolic_soprano_to_satb,soprano_to_satb,True,leading_tone_resolution,1672,22.034791776489193
proposed_neural_symbolic_soprano_to_satb,soprano_to_satb,True,melodic_leap_recovery,218,2.8729573010015814
proposed_neural_symbolic_soprano_to_satb,soprano_to_satb,True,parallel_fifth,151,1.9899841855561413
proposed_neural_symbolic_soprano_to_satb,soprano_to_satb,True,parallel_octave,279,3.6768581971534
proposed_neural_symbolic_soprano_to_satb,soprano_to_satb,True,seventh_resolution,164,2.161307327358988
proposed_neural_symbolic_soprano_to_satb,soprano_to_satb,True,spacing,6,0.0790722192936215
proposed_neural_symbolic_soprano_to_satb,soprano_to_satb,True,voice_crossing,32,0.42171850289931473
rerank_sweep_temporal2_seventh2,soprano_to_satb,True,hidden_direct_fifth,1,0.013178703215603585
rerank_sweep_old_vertical_only,soprano_to_satb,True,hidden_direct_fifth,13,0.1713231418028466
rerank_sweep_old_vertical_only,soprano_to_satb,True,hidden_direct_octave,3,0.03953610964681075
rerank_sweep_old_vertical_only,soprano_to_satb,True,leading_tone_resolution,1751,23.075909330521878
rerank_sweep_old_vertical_only,soprano_to_satb,True,melodic_leap_recovery,912,12.018977332630469
rerank_sweep_old_vertical_only,soprano_to_satb,True,parallel_fifth,200,2.635740643120717
rerank_sweep_old_vertical_only,soprano_to_satb,True,parallel_octave,648,8.539799683711124
rerank_sweep_old_vertical_only,soprano_to_satb,True,seventh_resolution,989,13.033737480231945
rerank_sweep_balanced_t1_s1,soprano_to_satb,True,hidden_direct_fifth,7,0.09225092250922509
rerank_sweep_balanced_t1_s1,soprano_to_satb,True,leading_tone_resolution,1018,13.41591987348445
rerank_sweep_balanced_t1_s1,soprano_to_satb,True,melodic_leap_recovery,93,1.2256193990511333
rerank_sweep_balanced_t1_s1,soprano_to_satb,True,seventh_resolution,897,11.821296784396415
rerank_sweep_temporal2_seventh2,soprano_to_satb,True,leading_tone_resolution,660,8.697944122298367
rerank_sweep_temporal2_seventh2,soprano_to_satb,True,melodic_leap_recovery,57,0.7511860832894043
rerank_sweep_temporal2_seventh2,soprano_to_satb,True,parallel_octave,2,0.02635740643120717
rerank_sweep_temporal2_seventh2,soprano_to_satb,True,seventh_resolution,880,11.597258829731155
rerank_sweep_temporal3_seventh2,soprano_to_satb,True,leading_tone_resolution,486,6.404849762783342
rerank_sweep_temporal3_seventh2,soprano_to_satb,True,melodic_leap_recovery,55,0.7248286768581972
rerank_sweep_temporal3_seventh2,soprano_to_satb,True,parallel_octave,4,0.05271481286241434
rerank_sweep_temporal3_seventh2,soprano_to_satb,True,seventh_resolution,891,11.742224565102793
rerank_sweep_temporal4_seventh3,soprano_to_satb,True,leading_tone_resolution,413,5.442804428044281
rerank_sweep_temporal4_seventh3,soprano_to_satb,True,melodic_leap_recovery,58,0.7643647865050079
rerank_sweep_temporal4_seventh3,soprano_to_satb,True,parallel_fifth,1,0.013178703215603585
rerank_sweep_temporal4_seventh3,soprano_to_satb,True,parallel_octave,5,0.06589351607801792
rerank_sweep_temporal4_seventh3,soprano_to_satb,True,seventh_resolution,873,11.505007907221929
ablation_no_harmony_conditioning_enhanced,soprano_to_satb,True,hidden_direct_fifth,19,0.2503953610964681
ablation_no_harmony_conditioning_enhanced,soprano_to_satb,True,hidden_direct_octave,21,0.2767527675276753
ablation_no_harmony_conditioning_enhanced,soprano_to_satb,True,leading_tone_resolution,1051,13.850817079599368
ablation_no_harmony_conditioning_enhanced,soprano_to_satb,True,melodic_leap_recovery,484,6.378492356352135
ablation_no_harmony_conditioning_enhanced,soprano_to_satb,True,parallel_fifth,411,5.416447021613073
ablation_no_harmony_conditioning_enhanced,soprano_to_satb,True,parallel_octave,219,2.886136004217185
ablation_no_harmony_conditioning_enhanced,soprano_to_satb,True,seventh_resolution,2177,28.690036900369005
ablation_no_harmony_conditioning,soprano_to_satb,True,hidden_direct_fifth,15,0.19768054823405376
ablation_no_harmony_conditioning,soprano_to_satb,True,hidden_direct_octave,5,0.06589351607801792
ablation_no_harmony_conditioning,soprano_to_satb,True,leading_tone_resolution,1158,15.26093832366895
ablation_no_harmony_conditioning,soprano_to_satb,True,melodic_leap_recovery,215,2.8334211913547707
ablation_no_harmony_conditioning,soprano_to_satb,True,parallel_fifth,274,3.6109646810753824
ablation_no_harmony_conditioning,soprano_to_satb,True,parallel_octave,213,2.8070637849235633
ablation_no_harmony_conditioning,soprano_to_satb,True,seventh_resolution,217,2.859778597785978
ablation_no_harmony_conditioning,soprano_to_satb,True,voice_crossing,4,0.05271481286241434
ablation_no_iterative_refinement_enhanced,soprano_to_satb,True,hidden_direct_fifth,16,0.21085925144965736
ablation_no_iterative_refinement_enhanced,soprano_to_satb,True,hidden_direct_octave,3,0.03953610964681075
ablation_no_iterative_refinement_enhanced,soprano_to_satb,True,leading_tone_resolution,1891,24.92092778070638
ablation_no_iterative_refinement_enhanced,soprano_to_satb,True,melodic_leap_recovery,919,12.111228255139695
ablation_no_iterative_refinement_enhanced,soprano_to_satb,True,parallel_fifth,209,2.754348972061149
ablation_no_iterative_refinement_enhanced,soprano_to_satb,True,parallel_octave,631,8.315761729045862
ablation_no_iterative_refinement_enhanced,soprano_to_satb,True,seventh_resolution,1015,13.376383763837639
ablation_no_iterative_refinement,soprano_to_satb,True,hidden_direct_fifth,12,0.158144438587243
ablation_no_iterative_refinement,soprano_to_satb,True,hidden_direct_octave,2,0.02635740643120717
ablation_no_iterative_refinement,soprano_to_satb,True,leading_tone_resolution,1620,21.349499209277806
ablation_no_iterative_refinement,soprano_to_satb,True,melodic_leap_recovery,235,3.0969952556668425
ablation_no_iterative_refinement,soprano_to_satb,True,parallel_fifth,146,1.9240906694781235
ablation_no_iterative_refinement,soprano_to_satb,True,parallel_octave,330,4.348972061149183
ablation_no_iterative_refinement,soprano_to_satb,True,seventh_resolution,182,2.3985239852398523
ablation_no_iterative_refinement,soprano_to_satb,True,spacing,8,0.10542962572482868
ablation_no_iterative_refinement,soprano_to_satb,True,voice_crossing,14,0.18450184501845018
ablation_no_rule_guided_decoding_enhanced,soprano_to_satb,False,hidden_direct_fifth,13,0.1713231418028466
ablation_no_rule_guided_decoding_enhanced,soprano_to_satb,False,hidden_direct_octave,1,0.013178703215603587
ablation_no_rule_guided_decoding_enhanced,soprano_to_satb,False,leading_tone_resolution,1660,21.876647337901954
ablation_no_rule_guided_decoding_enhanced,soprano_to_satb,False,melodic_leap_recovery,201,2.6489193463363208
ablation_no_rule_guided_decoding_enhanced,soprano_to_satb,False,parallel_fifth,125,1.6473379019504484
ablation_no_rule_guided_decoding_enhanced,soprano_to_satb,False,parallel_octave,244,3.2156035846072752
ablation_no_rule_guided_decoding_enhanced,soprano_to_satb,False,seventh_resolution,155,2.042698998418556
ablation_no_rule_guided_decoding_enhanced,soprano_to_satb,False,spacing,20,0.2635740643120717
ablation_no_rule_guided_decoding_enhanced,soprano_to_satb,False,voice_crossing,56,0.7380073800738008
ablation_no_rule_guided_decoding,soprano_to_satb,False,hidden_direct_fifth,15,0.19768054823405376
ablation_no_rule_guided_decoding,soprano_to_satb,False,hidden_direct_octave,3,0.03953610964681075
ablation_no_rule_guided_decoding,soprano_to_satb,False,leading_tone_resolution,1684,22.192936215076436
ablation_no_rule_guided_decoding,soprano_to_satb,False,melodic_leap_recovery,227,2.9915656299420137
ablation_no_rule_guided_decoding,soprano_to_satb,False,parallel_fifth,143,1.8845545598313127
ablation_no_rule_guided_decoding,soprano_to_satb,False,parallel_octave,277,3.650500790722193
ablation_no_rule_guided_decoding,soprano_to_satb,False,seventh_resolution,163,2.1481286241433843
ablation_no_rule_guided_decoding,soprano_to_satb,False,spacing,18,0.23721665788086452
ablation_no_rule_guided_decoding,soprano_to_satb,False,voice_crossing,76,1.0015814443858724
ablation_no_voice_relation_attention_enhanced,soprano_to_satb,True,hidden_direct_fifth,19,0.25039536109646815
ablation_no_voice_relation_attention_enhanced,soprano_to_satb,True,hidden_direct_octave,3,0.03953610964681076
ablation_no_voice_relation_attention_enhanced,soprano_to_satb,True,leading_tone_resolution,1784,23.510806536636796
ablation_no_voice_relation_attention_enhanced,soprano_to_satb,True,melodic_leap_recovery,1200,15.814443858724303
ablation_no_voice_relation_attention_enhanced,soprano_to_satb,True,parallel_fifth,265,3.4923563521349505
ablation_no_voice_relation_attention_enhanced,soprano_to_satb,True,parallel_octave,860,11.333684765419084
ablation_no_voice_relation_attention_enhanced,soprano_to_satb,True,seventh_resolution,837,11.030574591460201
lstm_baseline,soprano_to_satb,False,hidden_direct_fifth,14,0.18450184501845018
lstm_baseline,soprano_to_satb,False,hidden_direct_octave,1,0.013178703215603585
lstm_baseline,soprano_to_satb,False,leading_tone_resolution,101,1.331049024775962
lstm_baseline,soprano_to_satb,False,melodic_leap_recovery,159,2.09541381128097
lstm_baseline,soprano_to_satb,False,parallel_fifth,288,3.7954665260938323
lstm_baseline,soprano_to_satb,False,parallel_octave,225,2.9652082235108064
lstm_baseline,soprano_to_satb,False,seventh_resolution,188,2.477596204533474
lstm_baseline,soprano_to_satb,False,voice_crossing,4,0.05271481286241434
proposed_neural_symbolic_masked_infilling_enhanced,masked_infill,True,hidden_direct_fifth,20,0.2635740643120717
proposed_neural_symbolic_masked_infilling_enhanced,masked_infill,True,hidden_direct_octave,32,0.42171850289931473
proposed_neural_symbolic_masked_infilling_enhanced,masked_infill,True,leading_tone_resolution,282,3.7163943068002108
proposed_neural_symbolic_masked_infilling_enhanced,masked_infill,True,melodic_leap_recovery,340,4.480759093305219
proposed_neural_symbolic_masked_infilling_enhanced,masked_infill,True,parallel_fifth,83,1.0938323668950976
proposed_neural_symbolic_masked_infilling_enhanced,masked_infill,True,parallel_octave,223,2.9388508170795995
proposed_neural_symbolic_masked_infilling_enhanced,masked_infill,True,seventh_resolution,146,1.9240906694781235
proposed_neural_symbolic_masked_infilling_enhanced,masked_infill,True,spacing,46,0.6062203479177649
proposed_neural_symbolic_masked_infilling_enhanced,masked_infill,True,voice_crossing,27,0.35582498682129676
proposed_neural_symbolic_rule_guided,soprano_to_satb,True,hidden_direct_fifth,9,0.11860832894043226
proposed_neural_symbolic_rule_guided,soprano_to_satb,True,hidden_direct_octave,12,0.158144438587243
proposed_neural_symbolic_rule_guided,soprano_to_satb,True,leading_tone_resolution,2388,31.47074327886136
proposed_neural_symbolic_rule_guided,soprano_to_satb,True,melodic_leap_recovery,8,0.10542962572482868
proposed_neural_symbolic_rule_guided,soprano_to_satb,True,parallel_fifth,740,9.752240379546652
proposed_neural_symbolic_rule_guided,soprano_to_satb,True,parallel_octave,74,0.9752240379546653
proposed_neural_symbolic_rule_guided,soprano_to_satb,True,seventh_resolution,1704,22.456510279388507
proposed_neural_symbolic_rule_guided_enhanced,soprano_to_satb,True,leading_tone_resolution,170,2.2403795466526093
proposed_neural_symbolic_rule_guided_enhanced,soprano_to_satb,True,melodic_leap_recovery,48,0.632577754348972
proposed_neural_symbolic_rule_guided_enhanced,soprano_to_satb,True,parallel_octave,6,0.0790722192936215
proposed_neural_symbolic_rule_guided_enhanced,soprano_to_satb,True,seventh_resolution,63,0.8302583025830258
proposed_neural_symbolic_rule_guided_rerankfix_20260617_125404,soprano_to_satb,True,hidden_direct_fifth,10,0.13178703215603585
proposed_neural_symbolic_rule_guided_rerankfix_20260617_125404,soprano_to_satb,True,leading_tone_resolution,1028,13.547706905640485
proposed_neural_symbolic_rule_guided_rerankfix_20260617_125404,soprano_to_satb,True,melodic_leap_recovery,94,1.238798102266737
proposed_neural_symbolic_rule_guided_rerankfix_20260617_125404,soprano_to_satb,True,seventh_resolution,942,12.414338429098576
proposed_neural_symbolic_rule_guided_rerankfix_tuned_20260617_125404,soprano_to_satb,True,leading_tone_resolution,413,5.442804428044281
proposed_neural_symbolic_rule_guided_rerankfix_tuned_20260617_125404,soprano_to_satb,True,melodic_leap_recovery,58,0.764364786505008
proposed_neural_symbolic_rule_guided_rerankfix_tuned_20260617_125404,soprano_to_satb,True,parallel_fifth,1,0.013178703215603587
proposed_neural_symbolic_rule_guided_rerankfix_tuned_20260617_125404,soprano_to_satb,True,parallel_octave,5,0.06589351607801792
proposed_neural_symbolic_rule_guided_rerankfix_tuned_20260617_125404,soprano_to_satb,True,seventh_resolution,873,11.50500790722193
chorale_smoke,soprano_to_satb,False,leading_tone_resolution,23,8.984375
chorale_smoke,soprano_to_satb,False,melodic_leap_recovery,1,0.390625
proposed_neural_symbolic_soprano_to_satb_enhanced,soprano_to_satb,True,hidden_direct_fifth,1,0.013178703215603585
proposed_neural_symbolic_soprano_to_satb_enhanced,soprano_to_satb,True,leading_tone_resolution,177,2.3326304691618347
proposed_neural_symbolic_soprano_to_satb_enhanced,soprano_to_satb,True,melodic_leap_recovery,50,0.6589351607801792
proposed_neural_symbolic_soprano_to_satb_enhanced,soprano_to_satb,True,parallel_fifth,1,0.013178703215603585
proposed_neural_symbolic_soprano_to_satb_enhanced,soprano_to_satb,True,parallel_octave,3,0.03953610964681075
proposed_neural_symbolic_soprano_to_satb_enhanced,soprano_to_satb,True,seventh_resolution,75,0.9884027411702688
transformer_no_constraints,soprano_to_satb,False,hidden_direct_fifth,10,0.13178703215603585
transformer_no_constraints,soprano_to_satb,False,hidden_direct_octave,11,0.14496573537163943
transformer_no_constraints,soprano_to_satb,False,leading_tone_resolution,137,1.8054823405376912
transformer_no_constraints,soprano_to_satb,False,melodic_leap_recovery,204,2.688455455983131
transformer_no_constraints,soprano_to_satb,False,parallel_fifth,212,2.79388508170796
transformer_no_constraints,soprano_to_satb,False,parallel_octave,183,2.4117026884554558
transformer_no_constraints,soprano_to_satb,False,seventh_resolution,224,2.952029520295203
transformer_no_constraints,soprano_to_satb,False,spacing,30,0.3953610964681075
transformer_no_constraints,soprano_to_satb,False,voice_crossing,120,1.58144438587243
