model,task,rule_guided_decoding,checkpoint,pitch_accuracy,cross_entropy,negative_log_likelihood,soprano_accuracy,alto_accuracy,tenor_accuracy,bass_accuracy,rule_violations_per_100_timesteps,parallel_fifths_per_100_timesteps,parallel_octaves_per_100_timesteps,seventh_resolution_violation_rate,cadence_correctness_rate,cadence_unknown_rate,roman_numeral_extraction_coverage,chord_label_coverage,generated_roman_numeral_coverage,generated_chord_label_coverage,voice_crossing_rate,range_violation_rate,spacing_violation_rate,musicxml_export_success_rate,evaluated_generations
ablation_no_harmony_conditioning,soprano_to_satb,True,runs\chorale_ablation_no_harmony\best.pt,0.7738095238095238,0.8274685859680175,0.8274685859680175,0.0,0.7865050079072219,0.7688455455983131,0.7660780179230364,27.68845545598313,3.6109646810753824,2.8070637849235633,0.02859778597785978,1.0,0.9459459459459459,0.9952556668423828,0.9952556668423828,0.9942013705851345,0.9942013705851345,0.00017571604287471446,0.0,0.0,1.0,37
ablation_no_iterative_refinement,soprano_to_satb,True,runs\chorale_ablation_no_iterative_refinement\best.pt,0.8241082410824109,0.5862961530685424,0.5862961530685424,0.0,0.8290722192936215,0.8148392198207697,0.8284132841328413,33.592514496573536,1.9240906694781235,4.348972061149183,0.023985239852398525,1.0,0.918918918918919,0.9952556668423828,0.9952556668423828,0.9944649446494465,0.9944649446494465,0.0006150061500615006,0.0,0.0003514320857494289,1.0,37
ablation_no_rule_guided_decoding,soprano_to_satb,False,runs\chorale_ablation_no_rule_guided_decoding\best.pt,0.8242839571252856,0.5864947319030762,0.5864947319030762,0.0,0.8315761729045862,0.812467053241961,0.8288086452293094,34.34370057986294,1.8845545598313127,3.650500790722193,0.021481286241433844,1.0,0.918918918918919,0.9952556668423828,0.9952556668423828,0.9957828149710068,0.9957828149710068,0.0033386048146195747,0.0,0.0007907221929362151,1.0,37
proposed_neural_symbolic_masked_infilling,masked_infill,True,runs\chorale_masked_infilling\best.pt,0.8290490341753344,0.5865578174591064,0.5865578174591064,0.869180907483795,0.826729745712596,0.8092814371257485,0.8104066985645934,31.404849762783343,1.080653663679494,1.739588824459673,0.03610964681075382,1.0,0.918918918918919,0.9952556668423828,0.9952556668423828,0.9947285187137586,0.9947285187137586,0.001932876471621859,0.0,0.00021964505359339307,1.0,37
proposed_neural_symbolic_rule_guided,soprano_to_satb,True,runs\chorale_rule_guided_decoding\best.pt,0.8241521700931295,0.5863701224327087,0.5863701224327087,0.0,0.8310490247759621,0.8120716921454929,0.8293357933579336,33.42119135477069,1.963626779124934,3.6768581971534,0.02161307327358988,1.0,0.918918918918919,0.9952556668423828,0.9952556668423828,0.9957828149710068,0.9957828149710068,0.0014057283429977157,0.0,0.0002635740643120717,1.0,37
chorale_smoke,soprano_to_satb,False,runs\chorale_smoke\best.pt,0.7057291666666666,2.013817548751831,2.013817548751831,0.0,0.71484375,0.70703125,0.6953125,9.375,0.0,0.0,0.0,,1.0,1.0,1.0,0.0,0.0,0.0,0.0,0.0,1.0,2
proposed_neural_symbolic_soprano_to_satb,soprano_to_satb,True,runs\chorale_soprano_to_satb\best.pt,0.8238446670180988,0.5863180041313172,0.5863180041313172,0.0,0.83078545071165,0.8118081180811808,0.8289404322614655,33.4739061676331,1.9899841855561413,3.6768581971534,0.02161307327358988,1.0,0.918918918918919,0.9952556668423828,0.9952556668423828,0.9957828149710068,0.9957828149710068,0.0014057283429977157,0.0,0.0002635740643120717,1.0,37
ablation_no_harmony_conditioning_enhanced,soprano_to_satb,True,runs\chorale_ablation_no_harmony_enhanced_20260616_212438\best.pt,0.7716130732735899,0.8469005703926087,0.8469005703926087,0.0,0.783210332103321,0.7668687401159726,0.764760147601476,57.74907749077491,5.416447021613073,2.886136004217185,0.28690036900369004,1.0,0.918918918918919,0.9952556668423828,0.9952556668423828,0.9996046389035319,0.9996046389035319,0.0,0.0,0.0,1.0,37
ablation_no_iterative_refinement_enhanced,soprano_to_satb,True,runs\chorale_ablation_no_iterative_refinement_enhanced_20260616_212438\best.pt,0.8248550342646284,0.5937610983848571,0.5937610983848571,0.0,0.8317079599367422,0.8149710068529257,0.8278861360042172,61.729045861887194,2.754348972061149,8.315761729045862,0.13376383763837638,1.0,0.972972972972973,0.9952556668423828,0.9952556668423828,0.989061676331049,0.989061676331049,0.0,0.0,0.0,1.0,37
ablation_no_rule_guided_decoding_enhanced,soprano_to_satb,False,runs\chorale_ablation_no_rule_guided_decoding_enhanced_20260616_212438\best.pt,0.8238007380073801,0.593632185459137,0.593632185459137,0.0,0.8317079599367422,0.8128624143384291,0.8268318397469689,32.617290458618875,1.6473379019504482,3.215603584607275,0.020426989984185556,1.0,0.918918918918919,0.9952556668423828,0.9952556668423828,0.9936742224565103,0.9936742224565103,0.0024600246002460025,0.0,0.0008785802143735723,1.0,37
ablation_no_voice_relation_attention_enhanced,soprano_to_satb,True,runs\chorale_ablation_no_voice_relation_enhanced_20260616_212438\best.pt,0.824635389211035,0.5862915396690369,0.5862915396690369,0.0,0.8293357933579336,0.8139167105956774,0.8306536636794939,65.47179757511861,3.49235635213495,11.333684765419083,0.110305745914602,1.0,0.972972972972973,0.9952556668423828,0.9952556668423828,0.985108065366368,0.985108065366368,0.0,0.0,0.0,1.0,37
proposed_neural_symbolic_rule_guided_rerankfix_20260617_125404,soprano_to_satb,True,runs\chorale_rule_guided_decoding_rerankfix_20260617_125404\best.pt,0.8241082410824109,0.5938403725624084,0.5938403725624084,0.0,0.8323668950975224,0.8136531365313653,0.8263046916183447,27.332630469161835,0.0,0.0,0.12414338429098577,1.0,0.972972972972973,0.9952556668423828,0.9952556668423828,0.9922245651027939,0.9922245651027939,0.0,0.0,0.0,1.0,37
rerank_sweep_old_vertical_only,soprano_to_satb,True,runs\chorale_rule_guided_decoding_rerankfix_20260617_125404\best.pt,0.8241082410824109,0.5938403725624084,0.5938403725624084,0.0,0.8323668950975224,0.8136531365313653,0.8263046916183447,59.51502372166579,2.635740643120717,8.539799683711124,0.13033737480231944,1.0,0.972972972972973,0.9952556668423828,0.9952556668423828,0.9872166578808645,0.9872166578808645,0.0,0.0,0.0,,37
rerank_sweep_balanced_t1_s1,soprano_to_satb,True,runs\chorale_rule_guided_decoding_rerankfix_20260617_125404\best.pt,0.8241082410824109,0.5938403725624084,0.5938403725624084,0.0,0.8323668950975224,0.8136531365313653,0.8263046916183447,26.555086979441224,0.0,0.0,0.11821296784396415,1.0,0.972972972972973,0.9952556668423828,0.9952556668423828,0.9903795466526094,0.9903795466526094,0.0,0.0,0.0,,37
rerank_sweep_temporal2_seventh2,soprano_to_satb,True,runs\chorale_rule_guided_decoding_rerankfix_20260617_125404\best.pt,0.8241082410824109,0.5938403725624084,0.5938403725624084,0.0,0.8323668950975224,0.8136531365313653,0.8263046916183447,21.07274644175013,0.0,0.02635740643120717,0.11597258829731154,1.0,0.972972972972973,0.9952556668423828,0.9952556668423828,0.9897206114918292,0.9897206114918292,0.0,0.0,0.0,,37
rerank_sweep_temporal3_seventh2,soprano_to_satb,True,runs\chorale_rule_guided_decoding_rerankfix_20260617_125404\best.pt,0.8241082410824109,0.5938403725624084,0.5938403725624084,0.0,0.8323668950975224,0.8136531365313653,0.8263046916183447,18.924617817606748,0.0,0.05271481286241434,0.11742224565102793,1.0,0.972972972972973,0.9952556668423828,0.9952556668423828,0.9885345282024249,0.9885345282024249,0.0,0.0,0.0,,37
rerank_sweep_temporal4_seventh3,soprano_to_satb,True,runs\chorale_rule_guided_decoding_rerankfix_20260617_125404\best.pt,0.8241082410824109,0.5938403725624084,0.5938403725624084,0.0,0.8323668950975224,0.8136531365313653,0.8263046916183447,17.79124934106484,0.013178703215603585,0.06589351607801792,0.1150500790722193,1.0,0.972972972972973,0.9952556668423828,0.9952556668423828,0.9877438060094886,0.9877438060094886,0.0,0.0,0.0,,37
proposed_neural_symbolic_rule_guided_rerankfix_tuned_20260617_125404,soprano_to_satb,True,runs\chorale_rule_guided_decoding_rerankfix_20260617_125404\best.pt,0.8241082410824109,0.5938403725624084,0.5938403725624084,0.0,0.8323668950975224,0.8136531365313653,0.8263046916183447,17.79124934106484,0.013178703215603585,0.06589351607801792,0.1150500790722193,1.0,0.972972972972973,0.9952556668423828,0.9952556668423828,0.9877438060094886,0.9877438060094886,0.0,0.0,0.0,1.0,37
proposed_neural_symbolic_rule_guided_enhanced,soprano_to_satb,True,runs\chorale_rule_guided_decoding\best.pt,0.823273589878756,0.5942193388938903,0.5942193388938903,0.0,0.8318397469688983,0.812335266209805,0.8256457564575646,3.782287822878229,0.0,0.0790722192936215,0.008302583025830259,1.0,0.40540540540540543,0.9952556668423828,0.9952556668423828,0.9862941486557723,0.9862941486557723,0.0,0.0,0.0,1.0,37
transformer_no_constraints,soprano_to_satb,False,runs\chorale_transformer_no_constraints\best.pt,0.7682305394482516,0.8707191586494446,0.8707191586494446,0.0,0.7803110173958883,0.7626515550869795,0.7617290458618872,14.905113336847654,2.79388508170796,2.4117026884554558,0.02952029520295203,1.0,0.3783783783783784,0.9952556668423828,0.9952556668423828,0.9942013705851345,0.9942013705851345,0.005271481286241434,0.0,0.0013178703215603585,1.0,37
lstm_baseline,soprano_to_satb,False,runs\chorale_lstm\best.pt,0.7771481286241434,0.7809930562973022,0.7809930562973022,0.0,0.786768581971534,0.7735898787559304,0.7710859251449658,12.915129151291513,3.7954665260938323,2.9652082235108064,0.024775962045334738,1.0,0.21621621621621623,0.9952556668423828,0.9952556668423828,0.9942013705851345,0.9942013705851345,0.00017571604287471446,0.0,0.0,1.0,37
proposed_neural_symbolic_masked_infilling_enhanced,masked_infill,True,runs\chorale_masked_infilling_20260705_212717\best.pt,0.836552748885587,0.5775757193565368,0.5775757193565368,0.869180907483795,0.8391484328799527,0.8173652694610778,0.8199760765550239,15.801265155508698,1.0938323668950976,2.9388508170795995,0.019240906694781235,1.0,0.40540540540540543,0.9952556668423828,0.9952556668423828,0.9844491302055878,0.9844491302055878,0.0011860832894043227,0.0,0.0020207344930592164,1.0,37
proposed_neural_symbolic_soprano_to_satb_enhanced,soprano_to_satb,True,runs\chorale_soprano_to_satb_20260705_212717\best.pt,0.8276225619399051,0.5985574841499328,0.5985574841499328,0.0,0.8350026357406432,0.8173431734317343,0.8305218766473379,4.0458618871903,0.013178703215603585,0.03953610964681075,0.009884027411702688,1.0,0.35135135135135137,0.9952556668423828,0.9952556668423828,0.9847127042698999,0.9847127042698999,0.0,0.0,0.0,1.0,37
